Draw,Date,X1,X2,X3,X4,X5,Joker
-219,1997-11-16,32,18,12,5,20,2.0
-218,1997-11-19,24,6,23,2,42,14.0
-217,1997-11-23,10,31,11,44,36,8.0
-216,1997-11-26,18,6,28,23,35,5.0
-215,1997-11-30,5,37,42,11,6,7.0
-214,1997-12-03,31,18,42,30,2,17.0
-213,1997-12-07,7,14,31,44,18,14.0
-212,1997-12-10,3,40,15,19,45,18.0
-211,1997-12-14,32,6,19,30,27,4.0
-210,1997-12-17,31,11,22,2,28,16.0
-209,1997-12-21,15,3,38,32,19,20.0
-208,1997-12-24,40,35,24,21,22,3.0
-207,1997-12-28,20,23,30,19,41,8.0
-206,1997-12-31,13,34,38,17,4,12.0
-205,1998-01-04,18,8,28,21,36,1.0
-204,1998-01-08,27,14,31,30,34,12.0
-203,1998-01-11,43,38,14,19,23,19.0
-202,1998-01-14,15,18,29,12,39,14.0
-201,1998-01-18,19,12,37,27,17,18.0
-200,1998-01-21,41,38,16,1,20,19.0
-199,1998-01-25,15,45,31,19,44,7.0
-198,1998-01-28,4,13,39,19,15,17.0
-197,1998-02-01,19,25,23,14,42,2.0
-196,1998-02-04,26,35,25,12,44,12.0
-195,1998-02-08,39,16,27,17,19,4.0
-194,1998-02-11,23,35,40,15,10,14.0
-193,1998-02-15,44,34,40,41,25,8.0
-192,1998-02-18,32,37,23,44,24,2.0
-191,1998-02-22,7,13,28,29,39,8.0
-190,1998-02-25,1,9,20,44,5,8.0
-189,1998-03-01,22,13,29,25,9,8.0
-188,1998-03-04,38,21,33,25,35,5.0
-187,1998-03-08,13,1,9,19,5,12.0
-186,1998-03-11,2,34,41,32,15,13.0
-185,1998-03-15,16,31,41,32,26,14.0
-184,1998-03-18,14,29,39,3,45,14.0
-183,1998-03-22,14,39,5,9,23,1.0
-182,1998-03-25,14,19,17,33,16,7.0
-181,1998-03-29,21,3,16,23,28,10.0
-180,1998-04-01,3,36,13,42,45,5.0
-179,1998-04-05,21,39,41,17,23,7.0
-178,1998-04-08,43,14,25,19,39,15.0
-177,1998-04-12,32,39,43,31,28,17.0
-176,1998-04-15,44,39,14,19,29,5.0
-175,1998-04-19,26,21,40,15,31,13.0
-174,1998-04-23,11,23,38,7,18,2.0
-173,1998-04-26,39,16,31,18,17,17.0
-172,1998-04-29,32,11,36,26,14,13.0
-171,1998-05-03,36,20,21,2,23,1.0
-170,1998-05-06,43,14,19,11,5,3.0
-169,1998-05-10,17,25,36,22,42,19.0
-168,1998-05-13,11,24,22,30,36,19.0
-167,1998-05-17,30,18,1,27,41,11.0
-166,1998-05-20,31,32,14,18,26,19.0
-165,1998-05-24,27,17,25,7,23,14.0
-164,1998-05-27,9,43,3,4,16,4.0
-163,1998-05-31,41,34,13,43,7,19.0
-162,1998-06-03,14,11,35,19,25,13.0
-161,1998-06-07,45,29,41,24,40,18.0
-160,1998-06-10,14,40,12,20,3,16.0
-159,1998-06-14,45,23,6,29,13,15.0
-158,1998-06-17,29,28,3,26,2,14.0
-157,1998-06-21,12,25,27,44,1,10.0
-156,1998-06-24,41,25,35,26,27,4.0
-155,1998-06-28,3,16,31,10,12,14.0
-154,1998-07-01,8,1,15,14,44,7.0
-153,1998-07-05,27,2,32,41,1,11.0
-152,1998-07-08,29,32,36,13,5,5.0
-151,1998-07-12,19,29,17,35,16,15.0
-150,1998-07-15,23,27,19,13,12,10.0
-149,1998-07-19,27,28,39,45,9,16.0
-148,1998-07-22,39,10,12,45,3,5.0
-147,1998-07-26,18,31,10,42,11,4.0
-146,1998-07-29,34,4,36,20,16,11.0
-145,1998-08-02,1,37,17,35,2,9.0
-144,1998-08-05,45,39,18,44,41,18.0
-143,1998-08-09,21,42,5,9,20,8.0
-142,1998-08-12,14,39,31,15,42,5.0
-141,1998-08-19,40,27,11,24,33,10.0
-140,1998-08-23,8,36,1,15,42,7.0
-139,1998-08-26,36,7,31,13,23,20.0
-138,1998-08-30,20,44,36,41,8,1.0
-137,1998-09-02,45,14,9,42,23,16.0
-136,1998-09-06,15,41,10,6,40,8.0
-135,1998-09-09,12,45,3,34,40,20.0
-134,1998-09-13,17,22,12,7,36,19.0
-133,1998-09-16,26,29,8,7,17,16.0
-132,1998-09-20,44,8,7,35,39,17.0
-131,1998-09-23,1,11,16,7,33,18.0
-130,1998-09-27,1,37,12,38,30,9.0
-129,1998-09-30,41,28,5,10,27,9.0
-128,1998-10-04,26,16,11,15,29,16.0
-127,1998-10-07,4,18,2,16,41,6.0
-126,1998-10-11,18,9,20,29,37,9.0
-125,1998-10-14,26,10,42,4,1,13.0
-124,1998-10-18,23,44,5,1,33,5.0
-123,1998-10-21,11,35,36,16,7,4.0
-122,1998-10-25,3,40,4,38,11,13.0
-121,1998-10-28,25,1,28,19,43,16.0
-120,1998-11-01,24,26,33,5,7,1.0
-119,1998-11-04,16,2,22,32,29,7.0
-118,1998-11-08,1,9,21,11,20,16.0
-117,1998-11-11,34,38,1,29,27,16.0
-116,1998-11-15,15,36,23,2,37,14.0
-115,1998-11-18,24,20,23,35,38,17.0
-114,1998-11-22,1,42,41,28,37,17.0
-113,1998-11-25,38,36,42,11,10,4.0
-112,1998-11-29,23,34,20,41,18,3.0
-111,1998-12-02,40,23,2,17,29,12.0
-110,1998-12-06,27,39,30,18,22,3.0
-109,1998-12-09,7,6,16,45,35,15.0
-108,1998-12-13,32,18,37,24,22,11.0
-107,1998-12-16,35,5,9,14,33,12.0
-106,1998-12-20,30,13,1,12,38,5.0
-105,1998-12-23,37,20,13,36,21,16.0
-104,1998-12-26,25,41,18,45,3,12.0
-103,1998-12-30,26,1,34,35,15,7.0
-102,1999-01-03,4,37,3,20,27,15.0
-101,1999-01-06,2,32,22,13,15,17.0
-100,1999-01-10,17,37,20,36,2,10.0
-99,1999-01-13,24,17,15,14,9,18.0
-98,1999-01-17,37,24,13,23,28,11.0
-97,1999-01-20,22,40,17,8,36,1.0
-96,1999-01-24,24,18,25,28,39,4.0
-95,1999-01-27,15,31,28,10,6,9.0
-94,1999-01-31,26,22,37,25,29,9.0
-93,1999-02-03,24,32,6,2,4,14.0
-92,1999-02-07,40,13,14,37,5,13.0
-91,1999-02-10,37,1,5,23,20,2.0
-90,1999-02-14,31,26,19,14,44,3.0
-89,1999-02-17,19,34,10,24,45,20.0
-88,1999-02-21,42,28,41,26,15,7.0
-87,1999-02-24,34,40,26,15,36,9.0
-86,1999-02-28,27,21,34,32,41,8.0
-85,1999-03-03,29,36,7,3,25,16.0
-84,1999-03-07,38,4,18,16,24,1.0
-83,1999-03-10,20,43,29,41,44,13.0
-82,1999-03-14,32,10,9,12,20,1.0
-81,1999-03-17,12,19,18,25,22,13.0
-80,1999-03-21,6,27,14,3,12,3.0
-79,1999-03-24,30,34,19,43,18,19.0
-78,1999-03-28,2,41,27,12,36,6.0
-77,1999-03-31,13,19,5,18,37,3.0
-76,1999-04-04,19,24,29,17,35,9.0
-75,1999-04-07,28,33,35,27,21,4.0
-74,1999-04-10,45,19,25,5,8,19.0
-73,1999-04-14,36,44,25,40,18,9.0
-72,1999-04-18,2,27,39,25,20,12.0
-71,1999-04-21,43,19,14,17,13,16.0
-70,1999-04-25,33,19,32,10,34,15.0
-69,1999-04-28,26,28,15,43,13,12.0
-68,1999-05-01,40,7,25,8,18,6.0
-67,1999-05-05,40,23,19,39,3,16.0
-66,1999-05-09,25,6,40,23,29,13.0
-65,1999-05-12,14,31,42,39,37,11.0
-64,1999-05-16,14,45,29,16,26,9.0
-63,1999-05-19,43,10,44,45,33,10.0
-62,1999-05-23,11,27,45,40,29,14.0
-61,1999-05-26,13,24,16,40,10,8.0
-60,1999-05-30,22,45,31,29,42,2.0
-59,1999-06-02,33,5,20,22,43,6.0
-58,1999-06-06,9,16,29,12,27,6.0
-57,1999-06-09,36,25,18,34,4,3.0
-56,1999-06-13,45,2,21,35,44,15.0
-55,1999-06-16,41,31,8,20,42,5.0
-54,1999-06-20,27,8,21,29,4,6.0
-53,1999-06-23,9,16,12,6,3,18.0
-52,1999-06-27,15,36,21,25,8,8.0
-51,1999-06-30,37,16,11,14,43,14.0
-50,1999-07-04,43,18,17,8,19,16.0
-49,1999-07-07,6,18,22,36,24,14.0
-48,1999-07-11,21,3,6,35,5,11.0
-47,1999-07-14,25,22,28,5,23,8.0
-46,1999-07-18,15,7,23,34,40,13.0
-45,1999-07-21,34,29,18,33,36,13.0
-44,1999-07-25,17,42,6,15,1,20.0
-43,1999-07-28,26,22,17,4,5,4.0
-42,1999-08-01,24,16,7,41,40,6.0
-41,1999-08-04,41,23,39,3,38,2.0
-40,1999-08-08,13,41,21,9,26,6.0
-39,1999-08-11,23,35,20,2,16,5.0
-38,1999-08-18,2,16,31,19,43,9.0
-37,1999-08-22,5,35,43,29,13,12.0
-36,1999-08-25,5,17,34,24,21,9.0
-35,1999-08-29,12,10,23,11,5,2.0
-34,1999-09-01,7,17,24,22,25,8.0
-33,1999-09-05,33,8,31,39,23,15.0
-32,1999-09-08,28,34,7,12,1,5.0
-31,1999-09-12,26,19,38,10,18,7.0
-30,1999-09-15,26,6,39,28,44,1.0
-29,1999-09-19,20,11,32,2,42,16.0
-28,1999-09-22,40,34,41,5,27,9.0
-27,1999-09-26,29,14,12,23,6,3.0
-26,1999-09-29,26,35,24,38,17,3.0
-25,1999-10-03,31,35,19,14,25,12.0
-24,1999-10-06,8,17,20,31,5,5.0
-23,1999-10-10,11,21,27,38,19,6.0
-22,1999-10-13,2,24,8,42,35,15.0
-21,1999-10-17,39,19,40,7,10,13.0
-20,1999-10-20,14,44,2,10,30,13.0
-19,1999-10-24,7,26,10,44,14,16.0
-18,1999-10-27,6,25,40,19,38,2.0
-17,1999-10-31,25,19,30,24,42,20.0
-16,1999-11-03,23,3,12,7,41,20.0
-15,1999-11-07,2,33,28,42,18,12.0
-14,1999-11-10,9,35,33,12,2,16.0
-13,1999-11-14,1,4,44,28,34,9.0
-12,1999-11-17,37,5,33,20,35,2.0
-11,1999-11-21,13,21,5,8,36,2.0
-10,1999-11-24,33,20,15,8,16,6.0
-9,1999-11-28,12,21,17,33,6,6.0
-8,1999-12-01,14,33,41,10,7,18.0
-7,1999-12-05,42,1,33,5,44,5.0
-6,1999-12-08,30,23,10,35,34,16.0
-5,1999-12-12,10,36,4,29,5,12.0
-4,1999-12-15,19,7,29,43,27,10.0
-3,1999-12-19,11,39,37,6,25,17.0
-2,1999-12-22,34,1,7,30,22,4.0
-1,1999-12-25,21,37,19,44,45,10.0
0,1999-12-29,30,10,24,31,15,3.0
1,2000-01-02,4,7,16,29,32,16.0
2,2000-01-05,27,35,19,4,5,5.0
3,2000-01-09,13,40,17,12,36,2.0
4,2000-01-12,12,40,28,27,18,2.0
5,2000-01-16,37,29,8,40,28,11.0
6,2000-01-19,16,37,40,6,1,13.0
7,2000-01-23,42,31,38,23,17,6.0
8,2000-01-26,19,30,31,29,5,19.0
9,2000-01-30,29,5,34,40,20,1.0
10,2000-02-02,8,29,16,38,28,12.0
11,2000-02-06,12,7,24,3,31,12.0
12,2000-02-09,36,23,42,28,32,1.0
13,2000-02-13,33,9,3,8,21,2.0
14,2000-02-16,38,39,24,40,29,20.0
15,2000-02-20,29,34,41,44,40,1.0
16,2000-02-23,30,23,22,18,35,8.0
17,2000-02-27,7,24,15,6,29,6.0
18,2000-03-01,38,15,41,25,12,16.0
19,2000-03-05,10,38,32,17,39,8.0
20,2000-03-08,6,5,29,22,8,7.0
21,2000-03-12,30,19,11,21,37,3.0
22,2000-03-15,24,16,37,40,20,17.0
23,2000-03-19,24,34,33,45,37,10.0
24,2000-03-22,11,25,26,40,17,9.0
25,2000-03-26,10,12,27,19,7,17.0
26,2000-03-29,16,20,4,19,29,4.0
27,2000-04-02,14,18,35,7,5,7.0
28,2000-04-05,30,11,35,13,33,4.0
29,2000-04-09,11,42,20,30,40,7.0
30,2000-04-12,26,8,34,27,15,19.0
31,2000-04-16,1,9,41,19,13,14.0
32,2000-04-19,8,37,13,22,19,19.0
33,2000-04-23,4,8,2,13,6,9.0
34,2000-04-26,23,26,40,37,43,10.0
35,2000-04-30,26,18,34,36,38,11.0
36,2000-05-03,9,45,2,33,20,5.0
37,2000-05-07,9,5,36,44,32,11.0
38,2000-05-10,4,2,45,9,23,6.0
39,2000-05-14,37,40,39,35,36,12.0
40,2000-05-17,24,27,2,11,44,5.0
41,2000-05-21,26,39,9,13,18,4.0
42,2000-05-24,7,28,37,34,43,18.0
43,2000-05-28,2,3,17,24,25,2.0
44,2000-05-31,11,4,31,18,32,7.0
45,2000-06-04,5,12,20,23,45,3.0
46,2000-06-07,30,20,27,40,29,20.0
47,2000-06-11,32,13,5,36,22,16.0
48,2000-06-14,19,33,29,34,37,18.0
49,2000-06-18,26,33,34,6,27,20.0
50,2000-06-21,9,23,41,31,11,20.0
51,2000-06-25,34,6,14,13,38,19.0
52,2000-06-28,45,8,32,34,18,6.0
53,2000-07-02,36,23,8,12,24,2.0
54,2000-07-05,8,18,42,22,39,4.0
55,2000-07-09,5,36,26,10,7,8.0
56,2000-07-12,28,7,34,4,30,12.0
57,2000-07-16,25,31,7,27,36,10.0
58,2000-07-19,16,28,17,13,43,1.0
59,2000-07-23,37,21,26,7,18,11.0
60,2000-07-26,21,18,34,15,16,9.0
61,2000-07-30,39,38,10,33,37,10.0
62,2000-08-02,23,21,40,9,36,16.0
63,2000-08-06,10,11,13,31,40,13.0
64,2000-08-09,2,32,28,42,18,3.0
65,2000-08-13,4,35,39,13,29,10.0
66,2000-08-17,19,16,18,34,22,16.0
67,2000-08-20,12,17,26,24,5,19.0
68,2000-08-23,8,17,6,26,45,14.0
69,2000-08-27,17,41,8,45,14,4.0
70,2000-08-30,38,13,28,35,32,2.0
71,2000-09-03,20,18,17,21,1,17.0
72,2000-09-06,41,11,21,40,20,10.0
73,2000-09-10,39,32,9,16,13,1.0
74,2000-09-13,34,38,43,12,35,15.0
75,2000-09-17,18,32,8,37,2,19.0
76,2000-09-21,32,19,2,10,24,12.0
77,2000-09-24,32,38,42,26,40,18.0
78,2000-09-27,20,2,18,15,33,15.0
79,2000-10-01,26,43,30,29,25,8.0
80,2000-10-04,10,27,42,2,22,6.0
81,2000-10-08,3,4,21,36,40,9.0
82,2000-10-11,17,22,12,27,21,8.0
83,2000-10-15,30,14,24,21,12,6.0
84,2000-10-18,9,18,33,13,24,14.0
85,2000-10-22,2,26,32,27,34,2.0
86,2000-10-25,12,9,5,27,43,11.0
87,2000-10-29,21,16,23,36,37,13.0
88,2000-11-01,18,37,44,21,34,7.0
89,2000-11-05,20,37,10,33,38,10.0
90,2000-11-08,27,16,25,21,8,7.0
91,2000-11-12,19,17,27,29,16,13.0
92,2000-11-15,13,35,34,38,18,11.0
93,2000-11-19,37,21,18,36,26,11.0
94,2000-11-22,44,20,21,2,31,3.0
95,2000-11-26,33,37,19,12,25,11.0
96,2000-11-29,15,11,42,17,20,18.0
97,2000-12-03,13,11,41,32,23,19.0
98,2000-12-06,2,16,32,22,11,20.0
99,2000-12-10,7,24,22,31,25,16.0
101,2000-12-13,31,12,21,30,37,1.0
102,2000-12-17,29,6,19,16,17,18.0
103,2000-12-20,18,36,5,34,25,2.0
104,2000-12-24,22,31,35,37,39,11.0
105,2000-12-27,20,27,22,32,5,4.0
106,2000-12-31,13,29,27,41,14,19.0
107,2001-01-03,38,20,21,18,16,10.0
108,2001-01-07,28,34,11,41,19,4.0
109,2001-01-10,16,42,30,5,27,5.0
110,2001-01-14,25,31,22,20,28,20.0
111,2001-01-17,7,42,9,4,45,17.0
112,2001-01-21,44,14,23,25,24,5.0
113,2001-01-24,38,8,2,27,44,11.0
114,2001-01-28,13,2,12,5,11,10.0
115,2001-01-31,25,24,15,18,8,15.0
116,2001-02-04,9,31,6,13,28,4.0
117,2001-02-07,29,27,12,40,31,10.0
118,2001-02-11,17,19,36,30,38,9.0
119,2001-02-14,2,39,22,5,7,15.0
120,2001-02-18,8,22,27,23,38,7.0
121,2001-02-21,18,10,11,17,44,17.0
122,2001-02-25,17,23,4,43,2,6.0
123,2001-02-28,9,4,31,19,15,8.0
124,2001-03-04,26,11,38,32,16,8.0
125,2001-03-07,27,44,21,2,31,7.0
126,2001-03-11,25,40,24,43,4,11.0
127,2001-03-14,44,29,17,36,14,2.0
128,2001-03-18,35,1,14,21,23,3.0
129,2001-03-22,26,24,27,33,17,1.0
130,2001-03-25,26,37,36,13,31,16.0
131,2001-03-29,34,15,28,39,22,5.0
132,2001-04-01,36,28,1,14,3,2.0
133,2001-04-05,30,19,37,39,6,9.0
134,2001-04-08,20,41,12,40,7,6.0
135,2001-04-12,20,29,44,37,45,15.0
136,2001-04-14,31,5,32,7,16,12.0
137,2001-04-19,15,7,32,38,30,18.0
138,2001-04-22,32,22,28,5,17,9.0
139,2001-04-27,33,6,3,43,26,9.0
140,2001-04-29,7,23,39,35,18,16.0
141,2001-05-03,4,33,40,5,24,18.0
142,2001-05-06,4,41,22,9,44,17.0
143,2001-05-10,27,11,38,44,7,12.0
144,2001-05-13,26,33,3,20,18,5.0
145,2001-05-17,21,26,38,27,23,6.0
146,2001-05-20,3,10,18,13,21,14.0
147,2001-05-24,42,14,11,1,5,10.0
148,2001-05-27,12,2,17,22,41,10.0
149,2001-05-31,32,28,13,19,45,9.0
150,2001-06-03,1,10,28,16,14,16.0
151,2001-06-07,5,25,38,30,16,2.0
152,2001-06-10,25,43,5,36,33,4.0
153,2001-06-14,21,33,12,24,10,10.0
154,2001-06-17,6,32,25,34,43,13.0
155,2001-06-21,26,44,17,18,19,8.0
156,2001-06-24,23,45,19,38,20,6.0
157,2001-06-28,15,13,23,27,30,4.0
158,2001-07-01,2,45,38,28,26,14.0
159,2001-07-05,4,8,17,21,39,19.0
160,2001-07-08,18,26,13,17,19,13.0
161,2001-07-12,34,25,40,24,5,20.0
162,2001-07-15,29,16,37,41,17,1.0
163,2001-07-19,3,7,14,30,26,13.0
164,2001-07-22,33,11,31,13,25,5.0
165,2001-07-26,22,11,27,33,14,2.0
166,2001-07-29,28,24,12,43,8,10.0
167,2001-08-02,5,35,17,42,7,5.0
168,2001-08-05,6,27,37,28,15,18.0
169,2001-08-09,13,20,10,40,33,8.0
170,2001-08-12,3,33,31,22,12,7.0
171,2001-08-16,42,22,7,32,5,3.0
172,2001-08-19,3,9,13,45,4,3.0
173,2001-08-23,12,43,31,30,9,4.0
174,2001-08-26,21,29,4,22,31,2.0
175,2001-08-30,45,39,35,10,11,14.0
176,2001-09-02,43,13,33,37,21,1.0
177,2001-09-06,26,4,5,15,32,13.0
178,2001-09-09,40,19,6,5,18,13.0
179,2001-09-13,31,29,18,14,19,7.0
180,2001-09-16,35,30,1,7,13,6.0
181,2001-09-20,3,11,41,31,7,10.0
182,2001-09-23,25,38,8,16,42,3.0
183,2001-09-27,22,4,17,19,43,18.0
184,2001-09-30,29,35,39,6,17,11.0
185,2001-10-04,6,34,21,7,1,1.0
186,2001-10-07,29,36,7,23,4,15.0
187,2001-10-11,35,7,11,39,44,5.0
188,2001-10-14,13,42,33,23,11,1.0
189,2001-10-18,1,13,14,40,6,4.0
190,2001-10-21,2,27,40,8,11,4.0
191,2001-10-25,37,12,41,34,5,1.0
192,2001-10-28,44,42,12,9,38,14.0
193,2001-11-01,17,42,20,1,19,3.0
194,2001-11-04,8,3,24,43,29,13.0
195,2001-11-08,43,27,34,33,8,13.0
196,2001-11-11,22,6,25,14,32,20.0
197,2001-11-15,38,3,15,27,33,12.0
198,2001-11-18,4,14,35,7,39,17.0
199,2001-11-22,3,42,43,30,37,10.0
200,2001-11-25,33,23,25,37,16,8.0
201,2001-11-29,29,7,22,33,21,5.0
202,2001-12-02,4,31,16,21,43,17.0
203,2001-12-06,18,13,27,15,1,14.0
204,2001-12-09,15,6,17,18,19,8.0
205,2001-12-13,41,45,39,35,1,10.0
206,2001-12-16,10,19,8,45,4,9.0
207,2001-12-20,22,40,13,45,37,10.0
208,2001-12-23,18,29,7,35,6,9.0
209,2001-12-27,31,35,39,45,10,3.0
210,2001-12-31,33,21,12,16,45,9.0
211,2002-01-03,8,33,7,26,45,7.0
212,2002-01-06,20,12,18,45,3,5.0
213,2002-01-10,38,34,42,43,23,7.0
214,2002-01-13,24,45,2,14,9,8.0
215,2002-01-17,2,41,32,25,15,19.0
216,2002-01-20,45,31,12,34,42,7.0
217,2002-01-24,42,24,29,41,9,7.0
218,2002-01-27,28,43,14,6,37,8.0
219,2002-01-31,11,13,21,3,34,6.0
220,2002-02-03,34,8,39,12,30,15.0
221,2002-02-07,14,43,10,31,32,16.0
222,2002-02-10,1,29,33,16,23,5.0
223,2002-02-14,34,7,22,4,31,10.0
224,2002-02-17,38,32,11,31,4,14.0
225,2002-02-21,6,18,2,41,23,4.0
226,2002-02-24,45,5,8,28,41,6.0
227,2002-02-28,17,8,10,12,9,3.0
228,2002-03-03,8,27,2,41,25,20.0
229,2002-03-07,13,10,36,4,37,9.0
230,2002-03-10,8,33,45,2,6,14.0
231,2002-03-14,6,18,33,2,12,1.0
232,2002-03-17,2,6,14,36,32,6.0
233,2002-03-21,44,25,4,26,11,9.0
234,2002-03-24,36,10,35,38,17,4.0
235,2002-03-28,32,43,9,16,44,12.0
236,2002-03-31,5,34,13,41,24,3.0
237,2002-04-04,10,11,43,13,26,13.0
238,2002-04-07,40,1,8,21,6,18.0
239,2002-04-11,15,4,11,34,7,18.0
240,2002-04-14,20,29,30,33,22,13.0
241,2002-04-18,40,11,43,34,31,9.0
242,2002-04-21,7,13,19,5,9,18.0
243,2002-04-25,37,2,11,3,9,12.0
244,2002-04-28,41,30,2,45,9,17.0
245,2002-05-02,37,25,39,26,32,6.0
246,2002-05-04,38,10,14,12,16,12.0
247,2002-05-09,14,8,33,41,32,7.0
248,2002-05-12,5,10,3,43,25,20.0
249,2002-05-16,41,8,11,25,14,14.0
250,2002-05-19,26,5,9,3,8,4.0
251,2002-05-23,44,45,21,10,13,1.0
252,2002-05-26,21,18,8,33,29,4.0
253,2002-05-30,21,10,38,17,2,16.0
254,2002-06-02,26,7,10,18,39,3.0
255,2002-06-06,3,39,26,12,43,16.0
256,2002-06-09,21,38,37,18,17,6.0
257,2002-06-13,3,13,43,28,38,11.0
258,2002-06-16,40,8,34,26,24,19.0
259,2002-06-20,31,4,1,3,33,2.0
260,2002-06-23,16,39,6,44,32,11.0
261,2002-06-27,24,2,13,43,33,14.0
262,2002-06-30,25,13,22,37,7,13.0
263,2002-07-04,26,39,8,3,44,6.0
264,2002-07-07,24,12,11,9,20,8.0
265,2002-07-11,18,8,3,36,32,19.0
266,2002-07-14,38,27,8,17,41,6.0
267,2002-07-18,43,35,30,41,37,8.0
268,2002-07-21,10,36,7,12,9,9.0
269,2002-07-25,6,15,4,5,10,2.0
270,2002-07-28,10,14,36,26,27,16.0
271,2002-08-01,32,40,37,10,5,15.0
272,2002-08-04,29,4,21,20,31,17.0
273,2002-08-08,29,40,39,21,33,18.0
274,2002-08-11,41,38,45,11,1,13.0
275,2002-08-14,35,16,29,15,20,11.0
276,2002-08-18,36,35,7,43,28,11.0
277,2002-08-22,42,1,32,28,23,7.0
278,2002-08-25,19,10,21,2,32,8.0
279,2002-08-29,28,34,22,12,25,8.0
280,2002-09-01,11,43,45,32,7,20.0
281,2002-09-05,31,28,44,15,4,12.0
282,2002-09-08,40,16,37,32,33,13.0
283,2002-09-12,17,7,28,15,13,3.0
284,2002-09-15,41,34,45,14,43,14.0
285,2002-09-19,29,2,20,38,34,8.0
286,2002-09-22,44,43,22,36,5,2.0
287,2002-09-26,33,14,38,36,32,3.0
288,2002-09-29,11,39,28,3,22,5.0
289,2002-10-03,45,41,16,23,28,17.0
290,2002-10-06,29,24,17,4,34,11.0
291,2002-10-10,31,32,29,3,39,20.0
292,2002-10-13,32,35,40,31,24,19.0
293,2002-10-17,7,22,28,43,18,2.0
294,2002-10-20,24,30,26,2,37,11.0
295,2002-10-24,17,44,43,33,4,6.0
296,2002-10-27,44,6,37,35,3,8.0
297,2002-10-31,2,19,13,10,3,12.0
298,2002-11-03,16,10,13,6,44,14.0
299,2002-11-07,1,28,7,34,33,16.0
300,2002-11-10,34,35,16,1,13,19.0
301,2002-11-14,12,16,14,36,37,2.0
302,2002-11-17,42,27,45,38,9,14.0
303,2002-11-21,32,24,1,4,6,20.0
304,2002-11-24,27,39,7,24,8,3.0
305,2002-11-28,20,44,28,2,26,16.0
306,2002-12-01,14,11,4,22,27,3.0
307,2002-12-05,44,1,9,28,22,7.0
308,2002-12-08,40,22,41,26,11,13.0
309,2002-12-12,20,19,5,39,23,4.0
310,2002-12-15,36,18,10,11,40,16.0
311,2002-12-19,25,23,19,44,20,2.0
312,2002-12-22,34,8,4,32,44,8.0
313,2002-12-26,1,12,15,4,26,19.0
314,2002-12-28,29,18,17,32,21,20.0
315,2002-12-31,17,27,34,42,2,9.0
316,2003-01-05,14,29,6,4,32,7.0
317,2003-01-09,27,8,41,44,10,17.0
318,2003-01-12,35,24,36,42,12,17.0
319,2003-01-16,45,17,29,2,9,20.0
320,2003-01-19,13,8,41,39,2,1.0
321,2003-01-23,20,18,23,24,41,8.0
322,2003-01-26,41,26,39,21,43,3.0
323,2003-01-30,10,12,37,30,45,5.0
324,2003-02-02,40,3,26,23,4,11.0
325,2003-02-06,14,5,7,29,10,14.0
326,2003-02-09,34,2,7,12,9,19.0
327,2003-02-13,36,23,28,37,29,17.0
328,2003-02-16,7,15,40,16,42,20.0
329,2003-02-20,43,26,5,20,6,6.0
330,2003-02-23,26,35,24,2,17,20.0
331,2003-02-27,10,37,44,28,31,3.0
332,2003-03-02,18,37,43,21,35,19.0
333,2003-03-06,1,22,36,34,29,2.0
334,2003-03-09,28,38,37,3,11,6.0
335,2003-03-13,2,35,32,37,38,16.0
336,2003-03-16,17,45,5,1,13,6.0
337,2003-03-20,15,27,1,12,9,3.0
338,2003-03-23,6,22,29,45,35,16.0
339,2003-03-27,9,13,18,6,35,1.0
340,2003-03-30,2,11,31,34,7,18.0
341,2003-04-03,21,43,31,5,22,17.0
342,2003-04-06,16,9,37,44,32,19.0
343,2003-04-10,15,23,9,10,13,3.0
344,2003-04-13,36,6,43,42,28,12.0
345,2003-04-17,36,28,1,45,31,3.0
346,2003-04-20,9,22,13,39,33,20.0
347,2003-04-24,19,18,35,15,26,15.0
348,2003-04-26,23,43,16,22,26,11.0
349,2003-05-01,35,17,43,4,7,16.0
350,2003-05-04,39,7,23,45,17,19.0
351,2003-05-08,11,24,27,30,40,5.0
352,2003-05-11,2,37,6,33,28,4.0
353,2003-05-15,39,29,9,30,36,12.0
354,2003-05-18,6,29,27,44,31,16.0
355,2003-05-22,15,27,12,23,8,16.0
356,2003-05-25,45,24,10,26,16,6.0
357,2003-05-29,13,42,19,18,8,17.0
358,2003-06-01,38,39,36,26,21,7.0
359,2003-06-05,22,13,10,36,1,20.0
360,2003-06-08,41,40,12,27,15,10.0
361,2003-06-12,6,10,16,19,35,6.0
362,2003-06-15,28,31,35,38,40,10.0
363,2003-06-19,31,19,18,37,16,6.0
364,2003-06-22,38,12,1,43,31,1.0
365,2003-06-26,38,1,10,26,36,14.0
366,2003-06-29,14,30,41,26,43,8.0
367,2003-07-03,42,41,43,38,19,12.0
368,2003-07-06,16,39,26,34,19,12.0
369,2003-07-10,18,27,28,34,37,12.0
370,2003-07-13,10,7,17,37,21,5.0
371,2003-07-17,31,35,4,45,36,7.0
372,2003-07-20,27,31,15,20,37,6.0
373,2003-07-24,44,15,6,25,10,13.0
374,2003-07-27,19,40,29,13,43,3.0
375,2003-07-31,8,7,29,26,15,19.0
376,2003-08-03,35,15,17,41,44,5.0
377,2003-08-07,38,20,25,10,1,16.0
378,2003-08-10,15,20,8,22,9,11.0
379,2003-08-14,5,24,18,4,26,13.0
380,2003-08-17,22,6,28,9,18,13.0
381,2003-08-21,4,26,39,12,38,20.0
382,2003-08-24,39,23,16,9,3,1.0
383,2003-08-28,21,3,31,1,25,6.0
384,2003-08-31,30,20,34,37,32,1.0
385,2003-09-04,5,23,22,42,32,2.0
386,2003-09-07,4,30,2,20,24,11.0
387,2003-09-11,34,17,44,33,21,5.0
388,2003-09-14,14,30,23,22,41,15.0
389,2003-09-18,13,20,42,6,35,11.0
390,2003-09-21,36,25,16,19,17,1.0
391,2003-09-25,21,27,41,25,34,2.0
392,2003-09-28,30,39,8,44,40,16.0
393,2003-10-02,16,25,23,30,4,9.0
394,2003-10-05,21,11,19,27,2,17.0
395,2003-10-09,34,28,30,22,4,1.0
396,2003-10-12,25,5,44,24,30,3.0
397,2003-10-16,7,10,43,8,4,10.0
398,2003-10-19,2,11,6,36,34,5.0
399,2003-10-23,1,21,27,3,18,11.0
400,2003-10-26,18,44,14,43,28,13.0
401,2003-10-30,37,44,3,43,23,14.0
402,2003-11-02,18,10,5,6,15,20.0
403,2003-11-06,42,25,31,9,44,18.0
404,2003-11-09,38,39,4,12,10,4.0
405,2003-11-13,30,33,18,35,34,3.0
406,2003-11-16,1,39,44,32,37,12.0
407,2003-11-20,28,17,24,21,30,10.0
408,2003-11-23,39,32,38,34,17,4.0
409,2003-11-27,22,37,5,2,17,6.0
410,2003-11-30,6,28,34,7,20,6.0
411,2003-12-04,18,19,3,29,22,14.0
412,2003-12-07,33,17,41,12,32,15.0
413,2003-12-11,19,13,34,12,37,13.0
414,2003-12-14,44,24,11,42,19,12.0
415,2003-12-18,16,7,1,41,30,10.0
416,2003-12-21,17,25,37,5,36,2.0
417,2003-12-24,13,25,5,35,34,5.0
418,2003-12-28,8,13,4,10,27,4.0
419,2003-12-31,34,41,21,6,29,2.0
420,2004-01-04,9,25,32,38,41,6.0
421,2004-01-08,40,15,7,4,26,6.0
422,2004-01-12,35,31,28,3,45,8.0
423,2004-01-15,17,19,39,21,30,2.0
424,2004-01-18,20,17,18,29,7,5.0
425,2004-01-22,28,37,34,41,31,1.0
426,2004-01-25,32,20,8,38,5,3.0
427,2004-01-29,9,19,23,8,4,5.0
428,2004-02-01,35,8,34,11,37,6.0
429,2004-02-05,14,29,13,45,4,2.0
430,2004-02-08,35,24,20,18,31,16.0
431,2004-02-12,2,4,7,30,31,12.0
432,2004-02-15,1,21,33,37,43,6.0
433,2004-02-19,9,14,24,25,26,15.0
434,2004-02-22,1,3,21,30,42,18.0
435,2004-02-26,6,13,30,31,35,18.0
436,2004-02-29,8,18,22,39,40,6.0
437,2004-03-04,8,12,21,24,31,18.0
438,2004-03-07,5,19,24,36,43,1.0
439,2004-03-11,11,22,25,32,44,17.0
440,2004-03-14,15,21,28,30,38,4.0
441,2004-03-18,4,18,22,38,45,2.0
442,2004-03-21,7,15,29,34,37,2.0
443,2004-03-25,5,11,22,25,43,9.0
444,2004-03-28,6,29,36,38,42,14.0
445,2004-04-01,21,26,29,33,37,6.0
446,2004-04-04,3,8,15,20,33,16.0
447,2004-04-08,3,9,22,34,39,19.0
448,2004-04-10,4,7,9,18,19,4.0
449,2004-04-15,12,17,30,40,44,6.0
450,2004-04-18,8,15,16,31,41,15.0
451,2004-04-22,9,16,22,30,35,7.0
452,2004-04-25,1,15,17,36,40,13.0
453,2004-04-29,2,8,13,14,30,9.0
454,2004-05-02,8,15,16,19,23,14.0
455,2004-05-06,3,16,20,21,39,2.0
456,2004-05-09,1,8,11,31,39,2.0
457,2004-05-13,5,9,10,18,21,11.0
458,2004-05-16,7,13,16,39,43,5.0
459,2004-05-20,4,9,12,22,25,20.0
460,2004-05-23,2,5,13,27,37,14.0
461,2004-05-27,3,11,17,25,30,18.0
462,2004-05-30,3,7,9,32,37,7.0
463,2004-06-03,3,6,7,20,24,12.0
464,2004-06-06,13,27,29,36,45,17.0
465,2004-06-10,10,11,14,40,43,6.0
466,2004-06-13,3,21,26,29,37,11.0
467,2004-06-17,15,31,39,40,43,14.0
468,2004-06-20,16,20,22,26,40,12.0
469,2004-06-24,9,19,30,31,38,16.0
470,2004-06-27,6,15,21,41,44,17.0
471,2004-07-01,6,12,24,27,31,10.0
472,2004-07-04,1,9,18,28,29,14.0
473,2004-07-08,5,21,28,36,43,18.0
474,2004-07-11,20,26,33,36,40,2.0
475,2004-07-15,8,23,24,25,43,15.0
476,2004-07-18,3,22,27,34,43,19.0
477,2004-07-22,8,10,14,31,36,9.0
478,2004-07-25,9,16,21,27,38,13.0
479,2004-07-29,8,14,24,26,35,8.0
480,2004-08-01,5,7,16,30,39,19.0
481,2004-08-05,7,17,18,29,39,19.0
482,2004-08-08,7,12,29,30,31,16.0
483,2004-08-12,7,18,28,31,41,3.0
484,2004-08-15,2,4,5,10,28,3.0
485,2004-08-19,12,15,27,31,45,19.0
486,2004-08-22,1,23,27,40,43,14.0
487,2004-08-26,7,26,27,35,43,16.0
488,2004-08-29,11,23,25,33,40,14.0
489,2004-09-02,1,14,15,20,28,17.0
490,2004-09-05,4,6,35,41,45,9.0
491,2004-09-09,1,5,6,33,39,14.0
492,2004-09-12,8,27,36,41,45,16.0
493,2004-09-16,7,14,28,39,45,11.0
494,2004-09-19,2,22,24,41,42,3.0
495,2004-09-23,12,13,17,27,35,9.0
496,2004-09-26,19,21,24,28,32,11.0
497,2004-09-30,12,14,16,37,44,6.0
498,2004-10-03,7,18,21,44,45,1.0
499,2004-10-07,2,21,29,42,44,6.0
500,2004-10-10,4,19,23,25,26,15.0
501,2004-10-14,4,5,11,25,42,9.0
502,2004-10-17,3,5,13,20,32,11.0
503,2004-10-21,2,15,22,27,32,18.0
504,2004-10-24,2,16,21,34,36,15.0
505,2004-10-28,2,29,31,33,43,15.0
506,2004-10-31,13,21,25,29,36,7.0
507,2004-11-04,10,16,25,28,42,4.0
508,2004-11-07,15,21,5,18,39,20.0
509,2004-11-11,11,12,22,37,39,16.0
510,2004-11-14,11,15,28,35,44,5.0
511,2004-11-18,2,13,33,38,44,6.0
512,2004-11-21,2,9,22,33,40,12.0
513,2004-11-25,11,15,21,31,41,8.0
514,2004-11-28,1,12,25,32,42,3.0
515,2004-12-02,12,23,29,33,42,18.0
516,2004-12-05,14,18,29,39,42,8.0
517,2004-12-09,1,19,23,41,44,18.0
518,2004-12-12,6,11,37,38,40,2.0
519,2004-12-16,2,30,32,34,43,3.0
520,2004-12-19,16,27,30,31,32,7.0
521,2004-12-23,4,6,24,30,31,16.0
522,2004-12-26,7,24,25,36,38,1.0
523,2004-12-30,5,13,18,27,44,15.0
524,2005-01-02,16,23,39,42,44,11.0
525,2005-01-06,2,9,22,26,33,9.0
526,2005-01-09,2,19,20,28,45,4.0
527,2005-01-13,13,22,37,42,45,18.0
528,2005-01-16,7,8,9,19,24,13.0
529,2005-01-20,1,9,25,35,36,4.0
530,2005-01-23,18,12,4,17,26,6.0
531,2005-01-27,37,10,39,35,31,18.0
532,2005-01-30,26,33,35,36,38,15.0
533,2005-02-03,9,14,32,38,44,1.0
534,2005-02-06,2,6,9,15,28,15.0
535,2005-02-10,6,10,15,21,40,18.0
536,2005-02-13,8,13,19,35,39,1.0
537,2005-02-17,12,25,31,32,33,3.0
538,2005-02-20,8,15,22,36,41,11.0
539,2005-02-24,14,19,26,29,35,8.0
540,2005-02-27,1,16,26,27,33,20.0
541,2005-03-03,8,10,13,15,34,14.0
542,2005-03-06,11,26,37,40,43,18.0
543,2005-03-10,1,12,20,29,44,5.0
544,2005-03-13,7,11,21,26,38,1.0
545,2005-03-17,4,10,13,29,42,11.0
546,2005-03-20,1,7,11,16,45,3.0
547,2005-03-24,1,19,28,31,38,8.0
548,2005-03-27,12,22,30,35,38,14.0
549,2005-03-31,4,10,14,21,40,3.0
550,2005-04-03,10,26,27,28,41,11.0
551,2005-04-07,2,12,21,25,44,5.0
552,2005-04-10,3,16,23,39,45,5.0
553,2005-04-14,8,33,36,37,41,15.0
554,2005-04-17,12,19,27,30,42,18.0
555,2005-04-21,4,9,28,29,33,20.0
556,2005-04-24,9,10,17,35,38,3.0
557,2005-04-28,14,18,24,33,44,13.0
558,2005-04-30,30,10,9,19,45,6.0
559,2005-05-05,20,35,36,37,40,9.0
560,2005-05-08,4,12,13,43,44,2.0
561,2005-05-12,24,25,29,34,42,15.0
562,2005-05-15,6,30,31,34,37,7.0
563,2005-05-19,9,13,20,33,37,14.0
564,2005-05-22,25,28,36,38,45,17.0
565,2005-05-26,7,12,32,34,42,16.0
566,2005-05-29,3,6,28,34,45,11.0
567,2005-06-02,10,21,22,35,39,4.0
568,2005-06-05,2,12,23,29,31,15.0
569,2005-06-09,7,28,30,39,45,18.0
570,2005-06-12,17,30,37,40,42,12.0
571,2005-06-16,15,17,23,24,42,19.0
572,2005-06-19,14,16,40,41,45,6.0
573,2005-06-23,16,17,18,23,34,13.0
574,2005-06-26,10,15,30,41,43,3.0
575,2005-06-30,5,15,25,30,39,11.0
576,2005-07-03,2,5,21,39,40,8.0
577,2005-07-07,5,6,35,38,41,1.0
578,2005-07-10,2,5,12,16,23,1.0
579,2005-07-14,16,18,23,31,42,12.0
580,2005-07-17,29,30,34,36,39,6.0
581,2005-07-21,5,35,39,44,45,8.0
582,2005-07-24,15,20,25,26,42,13.0
583,2005-07-28,4,11,12,17,34,9.0
584,2005-07-31,6,14,21,27,32,4.0
585,2005-08-04,10,16,17,36,39,1.0
586,2005-08-07,4,19,20,35,38,10.0
587,2005-08-11,13,18,21,24,39,12.0
588,2005-08-14,5,7,11,19,23,20.0
589,2005-08-18,6,23,24,32,38,18.0
590,2005-08-21,7,13,16,20,32,1.0
591,2005-08-25,12,13,21,27,45,19.0
592,2005-08-28,7,17,20,27,35,4.0
593,2005-09-01,13,14,21,28,40,10.0
594,2005-09-04,6,11,33,35,41,15.0
595,2005-09-08,5,7,17,23,41,10.0
596,2005-09-11,16,24,31,33,41,17.0
597,2005-09-15,2,24,30,32,35,1.0
598,2005-09-18,4,9,20,26,41,9.0
599,2005-09-22,5,25,26,38,39,5.0
600,2005-09-25,1,4,19,41,45,8.0
601,2005-09-29,3,6,23,30,45,6.0
602,2005-10-02,8,11,26,35,41,17.0
603,2005-10-06,4,5,25,26,28,15.0
604,2005-10-09,2,9,19,28,45,1.0
605,2005-10-13,18,22,24,34,35,1.0
606,2005-10-16,2,32,8,15,4,3.0
607,2005-10-20,4,6,29,32,38,20.0
608,2005-10-23,10,22,24,33,39,14.0
609,2005-10-27,13,27,35,40,41,10.0
610,2005-10-30,17,21,37,38,40,11.0
611,2005-11-03,17,26,27,37,39,3.0
612,2005-11-06,9,14,24,39,43,10.0
613,2005-11-10,1,6,9,19,39,9.0
614,2005-11-13,2,8,9,13,37,18.0
615,2005-11-17,8,11,21,37,41,13.0
616,2005-11-20,12,24,29,30,37,4.0
617,2005-11-24,6,23,27,30,35,16.0
618,2005-11-27,9,14,19,21,37,15.0
619,2005-12-01,6,21,28,30,32,8.0
620,2005-12-04,14,30,39,41,43,8.0
621,2005-12-08,12,25,32,37,40,3.0
622,2005-12-11,14,18,28,37,40,7.0
623,2005-12-15,12,14,16,18,31,10.0
624,2005-12-18,1,13,15,16,37,10.0
625,2005-12-21,4,6,10,13,20,17.0
626,2005-12-24,12,17,18,36,45,16.0
627,2005-12-28,2,15,26,37,39,7.0
628,2005-12-31,1,7,14,18,19,8.0
629,2006-01-05,8,13,26,33,43,15.0
630,2006-01-08,6,20,30,32,39,15.0
631,2006-01-12,8,23,29,31,34,6.0
632,2006-01-15,11,12,22,26,45,17.0
633,2006-01-19,8,14,25,30,42,10.0
634,2006-01-22,2,7,21,35,38,1.0
635,2006-01-26,4,10,16,17,27,13.0
636,2006-01-29,2,6,20,29,42,5.0
637,2006-02-02,6,7,9,30,35,18.0
638,2006-02-05,5,26,2,40,20,20.0
639,2006-02-09,7,40,4,29,31,2.0
640,2006-02-12,3,19,22,32,39,14.0
641,2006-02-16,6,8,18,22,27,14.0
642,2006-02-19,1,9,20,35,37,14.0
643,2006-02-23,1,11,14,36,45,10.0
644,2006-02-26,14,21,29,33,42,10.0
645,2006-03-02,11,12,30,40,43,13.0
646,2006-03-05,3,5,11,39,43,9.0
647,2006-03-09,12,24,27,35,36,14.0
648,2006-03-12,6,8,21,22,25,19.0
649,2006-03-16,11,30,32,37,44,1.0
650,2006-03-19,8,15,17,26,44,5.0
651,2006-03-23,14,18,19,39,41,11.0
652,2006-03-26,20,31,38,39,43,2.0
653,2006-03-30,5,14,34,41,42,18.0
654,2006-04-02,42,3,43,10,40,2.0
655,2006-04-06,10,27,28,31,35,11.0
656,2006-04-09,40,11,26,5,2,12.0
657,2006-04-13,33,41,38,32,27,2.0
658,2006-04-16,8,40,36,45,3,6.0
659,2006-04-19,23,45,4,40,38,19.0
660,2006-04-22,43,7,11,41,2,1.0
661,2006-04-27,40,35,3,32,36,12.0
662,2006-04-30,23,39,5,30,37,13.0
663,2006-05-04,30,39,19,16,41,13.0
664,2006-05-07,34,38,33,37,1,13.0
665,2006-05-11,26,39,20,5,25,19.0
666,2006-05-14,13,5,40,16,44,3.0
667,2006-05-18,31,15,5,12,25,3.0
668,2006-05-21,27,36,28,1,32,16.0
669,2006-05-25,6,26,45,14,37,14.0
670,2006-05-28,15,40,31,32,33,16.0
671,2006-06-01,20,11,30,35,6,13.0
672,2006-06-04,5,30,38,19,45,9.0
673,2006-06-08,29,10,37,1,5,20.0
674,2006-06-11,1,43,13,4,45,13.0
675,2006-06-15,33,23,8,29,37,1.0
676,2006-06-18,5,35,43,30,1,6.0
677,2006-06-22,29,35,8,10,41,3.0
678,2006-06-25,2,12,34,18,14,2.0
679,2006-06-29,26,23,43,25,21,10.0
680,2006-07-02,24,30,33,27,23,18.0
681,2006-07-06,30,38,12,4,40,10.0
682,2006-07-09,4,18,13,40,44,14.0
683,2006-07-13,42,12,26,34,36,8.0
684,2006-07-16,23,29,7,38,18,14.0
685,2006-07-20,41,1,27,23,42,1.0
686,2006-07-23,9,1,21,41,15,1.0
687,2006-07-27,5,42,18,33,45,1.0
688,2006-07-30,1,18,11,37,41,16.0
689,2006-08-03,22,38,42,37,16,6.0
690,2006-08-06,9,17,23,1,4,11.0
691,2006-08-10,13,6,8,21,38,19.0
692,2006-08-13,15,8,40,11,24,10.0
693,2006-08-17,34,29,13,15,7,13.0
694,2006-08-20,6,7,3,39,5,11.0
695,2006-08-24,14,38,21,31,22,3.0
696,2006-08-27,7,30,34,19,38,6.0
697,2006-08-31,15,34,33,29,10,20.0
698,2006-09-03,26,5,7,21,14,20.0
699,2006-09-07,23,19,9,42,26,17.0
700,2006-09-10,25,11,16,12,18,14.0
701,2006-09-14,6,1,32,11,43,1.0
702,2006-09-17,12,6,43,24,25,9.0
703,2006-09-21,17,35,13,32,38,14.0
704,2006-09-24,29,10,37,27,9,7.0
705,2006-09-28,1,34,27,6,30,12.0
706,2006-10-01,41,42,33,2,23,3.0
707,2006-10-05,33,32,36,41,7,9.0
708,2006-10-08,16,21,11,6,12,11.0
709,2006-10-12,3,16,17,23,40,9.0
710,2006-10-15,45,1,15,23,30,1.0
711,2006-10-19,9,28,20,15,1,6.0
712,2006-10-22,24,15,37,44,25,8.0
713,2006-10-26,25,11,22,3,45,19.0
714,2006-10-29,2,29,3,40,14,8.0
715,2006-11-02,45,6,17,9,20,17.0
716,2006-11-05,3,18,21,12,25,4.0
717,2006-11-09,40,36,44,6,38,8.0
718,2006-11-12,9,20,12,2,14,20.0
719,2006-11-16,43,1,3,5,34,1.0
720,2006-11-19,3,27,14,5,2,15.0
721,2006-11-23,43,28,18,11,8,10.0
722,2006-11-26,3,9,17,44,21,4.0
723,2006-11-30,43,30,14,10,9,16.0
724,2006-12-03,17,35,30,16,15,4.0
725,2006-12-07,37,22,15,16,33,20.0
726,2006-12-10,36,34,38,43,9,4.0
727,2006-12-14,16,41,33,13,21,8.0
728,2006-12-17,4,23,27,33,10,10.0
729,2006-12-21,3,45,8,1,37,18.0
730,2006-12-24,6,16,8,24,19,7.0
731,2006-12-28,23,2,3,34,39,8.0
732,2006-12-31,28,1,25,22,14,18.0
733,2007-01-04,3,14,8,31,44,9.0
734,2007-01-07,40,45,25,4,20,18.0
735,2007-01-11,29,14,16,1,34,17.0
736,2007-01-14,29,26,20,27,34,1.0
737,2007-01-18,16,27,42,13,31,7.0
738,2007-01-21,35,2,41,26,3,17.0
739,2007-01-25,43,8,34,42,29,16.0
740,2007-01-28,32,40,39,25,8,2.0
741,2007-02-01,42,20,23,24,40,4.0
742,2007-02-04,30,20,4,19,3,11.0
743,2007-02-08,9,44,37,30,36,12.0
744,2007-02-11,15,39,35,4,44,12.0
745,2007-02-15,6,38,34,1,26,4.0
746,2007-02-18,5,31,24,20,43,2.0
747,2007-02-22,35,43,40,1,4,3.0
748,2007-02-25,22,2,18,8,11,1.0
749,2007-03-01,4,37,43,24,30,7.0
750,2007-03-04,15,8,9,5,45,9.0
751,2007-03-08,7,24,42,31,27,5.0
752,2007-03-11,33,16,39,43,29,7.0
753,2007-03-15,29,37,23,32,42,16.0
754,2007-03-18,30,44,29,4,38,18.0
755,2007-03-22,38,17,2,43,30,15.0
756,2007-03-25,40,35,18,32,29,5.0
757,2007-03-29,21,35,39,18,44,9.0
758,2007-04-01,25,32,29,22,24,2.0
759,2007-04-04,15,11,5,30,2,2.0
760,2007-04-07,28,44,12,8,30,8.0
761,2007-04-12,16,31,35,43,4,13.0
762,2007-04-15,19,23,31,30,43,11.0
763,2007-04-19,21,20,31,44,42,11.0
764,2007-04-22,32,15,40,37,30,15.0
765,2007-04-26,28,8,45,10,43,6.0
766,2007-04-29,45,37,30,42,43,7.0
767,2007-05-03,10,18,9,15,11,10.0
768,2007-05-06,18,31,44,22,42,2.0
769,2007-05-10,36,43,12,33,28,15.0
770,2007-05-13,26,7,5,33,41,16.0
771,2007-05-17,31,35,37,32,39,9.0
772,2007-05-20,7,17,35,12,28,11.0
773,2007-05-24,14,22,45,28,41,8.0
774,2007-05-27,39,12,18,40,34,20.0
775,2007-05-31,15,6,13,31,39,13.0
776,2007-06-03,5,32,17,30,37,9.0
777,2007-06-07,40,35,33,23,13,15.0
778,2007-06-10,18,43,39,27,32,19.0
779,2007-06-14,5,40,35,29,16,16.0
780,2007-06-17,21,3,32,18,34,4.0
781,2007-06-21,30,39,29,11,40,18.0
782,2007-06-24,27,13,42,1,37,19.0
783,2007-06-28,5,32,11,35,23,19.0
784,2007-07-01,4,15,32,27,26,16.0
785,2007-07-05,31,20,22,7,19,9.0
786,2007-07-08,29,34,22,13,44,3.0
787,2007-07-12,11,18,44,20,40,1.0
788,2007-07-15,34,15,14,16,28,11.0
789,2007-07-19,39,37,23,6,10,17.0
790,2007-07-22,36,22,1,15,29,15.0
791,2007-07-26,16,14,24,17,1,6.0
792,2007-07-29,18,15,34,11,29,11.0
793,2007-08-02,19,41,37,43,5,5.0
794,2007-08-05,27,22,30,45,19,15.0
795,2007-08-09,5,3,44,26,7,13.0
796,2007-08-12,39,15,26,38,33,18.0
797,2007-08-16,13,3,22,30,14,18.0
798,2007-08-19,29,30,5,33,38,9.0
799,2007-08-23,8,34,20,21,37,12.0
800,2007-08-30,10,20,17,34,8,19.0
801,2007-09-02,28,30,16,40,36,13.0
802,2007-09-06,28,15,24,41,4,12.0
803,2007-09-09,17,33,10,22,13,2.0
804,2007-09-12,25,24,8,45,27,8.0
805,2007-09-15,7,23,28,10,24,3.0
806,2007-09-20,10,33,43,16,28,17.0
807,2007-09-23,27,7,36,34,28,9.0
808,2007-09-27,43,18,7,16,37,11.0
809,2007-09-30,36,13,6,44,28,2.0
810,2007-10-04,27,11,41,39,19,3.0
811,2007-10-07,33,30,5,28,32,1.0
812,2007-10-11,19,30,6,16,27,4.0
813,2007-10-14,13,34,44,4,5,12.0
814,2007-10-18,30,26,6,19,40,3.0
815,2007-10-21,16,19,21,11,24,16.0
816,2007-10-25,28,26,4,40,25,20.0
817,2007-10-28,1,8,22,35,6,9.0
818,2007-11-01,38,17,28,9,6,4.0
819,2007-11-04,5,15,40,42,30,15.0
820,2007-11-08,4,28,22,23,27,3.0
821,2007-11-11,27,4,9,8,36,11.0
822,2007-11-15,28,16,3,41,10,7.0
823,2007-11-18,43,44,38,13,22,16.0
824,2007-11-22,30,40,45,12,42,8.0
825,2007-11-25,23,17,30,19,1,15.0
826,2007-11-29,22,35,42,38,31,10.0
827,2007-12-02,17,21,4,9,25,19.0
828,2007-12-06,3,32,7,12,31,11.0
829,2007-12-09,36,27,30,35,44,11.0
830,2007-12-13,40,21,10,11,24,20.0
831,2007-12-16,17,5,19,30,1,16.0
832,2007-12-20,35,14,28,25,17,16.0
833,2007-12-23,33,20,3,6,43,20.0
834,2007-12-27,1,20,37,36,5,6.0
835,2007-12-30,23,45,3,26,38,9.0
836,2008-01-03,33,17,34,29,28,15.0
837,2008-01-06,31,19,25,30,33,19.0
838,2008-01-10,18,39,15,6,20,20.0
839,2008-01-13,31,9,29,14,1,18.0
840,2008-01-17,26,14,1,28,2,18.0
841,2008-01-20,14,28,40,30,8,13.0
842,2008-01-24,21,26,37,42,29,15.0
843,2008-01-27,39,18,45,7,3,5.0
844,2008-02-03,6,5,28,10,40,9.0
845,2008-02-07,17,5,31,7,28,17.0
846,2008-02-10,28,39,17,43,27,12.0
847,2008-02-14,21,33,17,32,37,2.0
848,2008-02-17,8,43,14,36,23,18.0
849,2008-02-21,16,15,18,20,24,5.0
850,2008-02-24,41,21,12,13,10,19.0
851,2008-02-28,11,15,22,18,41,5.0
852,2008-03-02,7,28,10,22,45,5.0
853,2008-03-06,18,3,28,24,1,8.0
854,2008-03-09,9,38,10,11,31,6.0
855,2008-03-13,41,39,24,11,3,9.0
856,2008-03-16,13,38,43,22,9,8.0
857,2008-03-20,31,22,13,41,2,10.0
858,2008-03-23,24,45,38,11,35,12.0
859,2008-03-27,22,26,41,39,29,16.0
860,2008-03-30,5,40,11,45,29,18.0
861,2008-04-03,41,33,17,8,40,17.0
862,2008-04-06,27,45,43,12,38,7.0
863,2008-04-10,8,26,16,10,33,10.0
864,2008-04-13,36,31,29,41,15,5.0
865,2008-04-17,37,23,27,36,20,12.0
866,2008-04-20,31,4,16,2,26,10.0
867,2008-04-23,21,37,25,2,28,16.0
868,2008-04-26,32,45,31,6,37,19.0
869,2008-05-04,42,7,27,23,10,11.0
870,2008-05-08,21,4,33,9,11,5.0
871,2008-05-11,21,40,34,1,17,20.0
872,2008-05-15,22,34,25,15,20,10.0
873,2008-05-18,8,11,41,4,33,18.0
874,2008-05-22,41,43,37,29,34,7.0
875,2008-05-25,2,42,38,35,40,13.0
876,2008-05-29,28,21,34,39,24,1.0
877,2008-06-01,37,19,40,41,23,19.0
878,2008-06-05,33,3,37,41,44,9.0
879,2008-06-08,11,25,40,26,14,7.0
880,2008-06-12,42,5,11,37,20,7.0
881,2008-06-15,34,32,7,43,30,1.0
882,2008-06-19,7,2,18,21,15,2.0
883,2008-06-22,3,40,38,8,37,15.0
884,2008-06-26,19,35,20,32,34,9.0
885,2008-06-29,19,20,36,43,12,14.0
886,2008-07-03,9,39,7,44,13,6.0
887,2008-07-06,19,25,7,28,14,20.0
888,2008-07-10,6,5,20,12,22,19.0
889,2008-07-13,26,34,32,36,10,16.0
890,2008-07-17,42,43,28,27,9,12.0
891,2008-07-20,10,35,6,23,3,8.0
892,2008-07-24,9,20,17,23,24,10.0
893,2008-07-27,41,11,18,7,5,20.0
894,2008-07-31,24,30,35,42,32,19.0
895,2008-08-03,5,6,8,22,3,16.0
896,2008-08-07,9,45,17,23,16,5.0
897,2008-08-10,32,40,23,45,29,13.0
898,2008-08-14,14,28,43,24,3,19.0
899,2008-08-17,8,19,6,5,33,1.0
900,2008-08-21,32,23,29,13,25,9.0
901,2008-08-24,32,2,20,31,41,20.0
902,2008-08-28,4,7,20,32,27,4.0
903,2008-08-31,45,31,1,19,10,9.0
904,2008-09-04,17,41,36,31,44,5.0
905,2008-09-07,37,31,16,6,8,12.0
906,2008-09-11,14,24,21,7,42,13.0
907,2008-09-14,2,17,37,16,5,8.0
908,2008-09-18,20,44,17,32,37,18.0
909,2008-09-21,35,32,17,2,41,17.0
910,2008-09-25,26,41,31,5,18,1.0
911,2008-09-28,35,18,24,36,12,10.0
912,2008-10-02,32,29,12,41,22,2.0
913,2008-10-05,23,34,40,18,28,19.0
914,2008-10-09,24,37,4,7,38,13.0
915,2008-10-12,42,28,19,25,34,12.0
916,2008-10-16,43,32,19,33,14,8.0
917,2008-10-19,23,8,42,37,18,18.0
918,2008-10-23,43,27,30,44,16,19.0
919,2008-10-26,27,35,41,45,18,18.0
920,2008-10-30,14,38,12,16,31,19.0
921,2008-11-02,41,3,10,5,21,14.0
922,2008-11-06,6,19,29,35,25,11.0
923,2008-11-09,1,26,7,15,2,11.0
924,2008-11-13,35,37,25,34,23,2.0
925,2008-11-16,18,36,2,12,31,1.0
926,2008-11-20,16,9,41,24,23,14.0
927,2008-11-23,20,8,45,42,7,13.0
928,2008-11-27,42,44,37,11,5,2.0
929,2008-11-30,37,14,11,20,36,3.0
930,2008-12-04,6,17,27,35,34,4.0
931,2008-12-07,45,30,15,27,9,3.0
932,2008-12-11,40,23,38,6,10,20.0
933,2008-12-14,44,36,17,8,28,15.0
934,2008-12-18,33,16,31,5,20,17.0
935,2008-12-21,30,16,7,14,26,6.0
936,2008-12-24,28,38,1,20,33,14.0
937,2008-12-28,7,10,27,40,43,18.0
938,2009-01-01,11,1,34,42,20,10.0
939,2009-01-04,20,3,12,18,13,14.0
940,2009-01-08,22,24,15,3,38,2.0
941,2009-01-11,13,34,31,28,12,5.0
942,2009-01-15,2,7,42,25,9,4.0
943,2009-01-18,3,28,19,10,1,2.0
944,2009-01-22,28,33,19,18,35,3.0
945,2009-01-25,11,20,7,32,10,14.0
946,2009-01-29,34,40,41,8,3,19.0
947,2009-02-01,13,42,38,3,24,17.0
948,2009-02-05,12,2,32,5,39,7.0
949,2009-02-08,4,27,22,23,42,20.0
950,2009-02-12,29,39,17,30,5,9.0
951,2009-02-15,23,3,22,26,19,5.0
952,2009-02-19,45,36,42,6,10,6.0
953,2009-02-22,19,26,15,44,29,19.0
954,2009-02-26,37,6,30,1,16,6.0
955,2009-03-01,12,6,43,45,38,17.0
956,2009-03-05,38,25,40,17,13,2.0
957,2009-03-08,31,9,3,15,6,1.0
958,2009-03-12,27,12,1,4,36,17.0
959,2009-03-15,20,25,37,12,27,11.0
960,2009-03-19,22,36,44,27,29,13.0
961,2009-03-22,2,25,10,29,39,10.0
962,2009-03-26,37,12,45,28,1,4.0
963,2009-03-29,34,4,32,8,21,12.0
964,2009-04-01,8,39,36,41,20,8.0
965,2009-04-05,23,25,11,27,16,20.0
966,2009-04-09,24,31,22,12,5,13.0
967,2009-04-12,13,33,10,11,1,14.0
968,2009-04-15,27,10,45,31,15,3.0
969,2009-04-18,34,37,17,32,11,14.0
970,2009-04-23,1,34,15,30,28,5.0
971,2009-04-26,13,36,2,15,14,15.0
972,2009-04-30,42,1,22,33,24,15.0
973,2009-05-03,8,34,36,15,12,13.0
974,2009-05-07,16,44,1,2,21,10.0
975,2009-05-10,15,34,13,11,40,15.0
976,2009-05-14,45,24,44,14,21,6.0
977,2009-05-17,37,24,12,15,6,5.0
978,2009-05-21,16,32,10,43,34,19.0
979,2009-05-24,41,36,28,16,2,14.0
980,2009-05-28,24,12,34,40,45,8.0
981,2009-05-31,26,34,8,3,45,16.0
982,2009-06-04,4,7,16,27,5,7.0
983,2009-06-07,42,45,3,26,29,1.0
984,2009-06-11,44,22,18,26,42,11.0
985,2009-06-14,22,26,17,3,9,4.0
986,2009-06-18,2,37,32,31,29,11.0
987,2009-06-21,30,27,11,21,23,20.0
988,2009-06-25,21,31,9,10,39,18.0
989,2009-06-28,45,27,7,35,16,6.0
990,2009-07-02,43,44,14,27,26,6.0
991,2009-07-05,6,19,21,42,40,17.0
992,2009-07-09,15,13,6,25,14,16.0
993,2009-07-12,15,42,38,20,22,20.0
994,2009-07-19,37,22,8,41,19,16.0
995,2009-07-23,44,32,9,3,28,20.0
996,2009-07-26,33,3,18,11,4,5.0
997,2009-07-30,43,36,14,33,6,11.0
998,2009-08-02,20,28,45,25,38,13.0
999,2009-08-06,26,21,34,5,18,11.0
1000,2009-08-09,4,22,36,5,11,20.0
1001,2009-08-13,27,11,16,26,20,13.0
1002,2009-08-16,28,26,43,25,5,9.0
1003,2009-08-20,25,23,16,15,2,1.0
1004,2009-08-23,43,42,31,41,45,19.0
1005,2009-08-27,21,2,33,39,1,19.0
1006,2009-08-30,14,36,9,2,32,17.0
1007,2009-09-03,1,27,14,10,4,3.0
1008,2009-09-06,11,35,33,17,6,13.0
1009,2009-09-10,39,10,25,17,44,8.0
1010,2009-09-13,41,6,23,39,28,1.0
1011,2009-09-17,27,34,45,20,36,6.0
1012,2009-09-20,12,10,36,2,26,15.0
1013,2009-09-24,34,28,15,45,11,19.0
1014,2009-09-27,19,38,2,15,24,17.0
1015,2009-10-01,37,14,18,8,23,18.0
1016,2009-10-04,2,41,11,6,18,14.0
1017,2009-10-08,25,39,27,9,33,17.0
1018,2009-10-11,9,10,21,15,31,18.0
1019,2009-10-15,5,8,23,43,14,5.0
1020,2009-10-18,31,11,22,36,6,2.0
1021,2009-10-22,21,41,13,9,22,19.0
1022,2009-10-25,34,21,26,20,22,14.0
1023,2009-10-29,4,8,37,25,26,20.0
1024,2009-11-01,45,9,4,44,13,15.0
1025,2009-11-05,26,36,23,39,9,13.0
1026,2009-11-08,41,10,34,42,15,20.0
1027,2009-11-12,4,23,40,44,9,17.0
1028,2009-11-15,5,15,36,2,26,9.0
1029,2009-11-19,36,2,17,11,32,1.0
1030,2009-11-22,34,41,8,11,44,14.0
1031,2009-11-26,12,15,1,23,31,6.0
1032,2009-11-29,15,25,33,39,43,1.0
1033,2009-12-03,32,45,13,17,35,1.0
1034,2009-12-06,17,26,34,1,40,13.0
1035,2009-12-10,10,3,32,29,21,13.0
1036,2009-12-13,13,21,33,23,8,6.0
1037,2009-12-17,21,2,41,39,36,8.0
1038,2009-12-20,18,30,17,24,44,17.0
1039,2009-12-24,12,38,8,36,21,13.0
1040,2009-12-27,16,19,38,22,5,1.0
1041,2009-12-31,41,33,22,8,40,6.0
1042,2010-01-03,34,21,1,13,3,16.0
1043,2010-01-07,23,39,31,32,6,14.0
1044,2010-01-10,3,1,32,37,16,17.0
1045,2010-01-14,40,2,45,25,39,20.0
1046,2010-01-17,38,31,13,44,4,12.0
1047,2010-01-21,27,26,24,42,13,2.0
1048,2010-01-24,18,28,24,22,19,5.0
1049,2010-01-28,44,16,29,21,36,18.0
1050,2010-01-31,32,44,18,31,29,16.0
1051,2010-02-04,26,38,20,24,22,10.0
1052,2010-02-07,26,41,23,18,7,16.0
1053,2010-02-11,43,40,2,5,25,10.0
1054,2010-02-14,43,14,36,18,37,16.0
1055,2010-02-18,2,10,18,42,22,6.0
1056,2010-02-21,33,21,32,41,3,5.0
1057,2010-02-25,24,20,16,36,38,15.0
1058,2010-02-28,41,4,40,23,28,2.0
1059,2010-03-04,34,24,3,1,25,1.0
1060,2010-03-07,42,32,8,23,40,4.0
1061,2010-03-10,16,42,33,14,11,13.0
1062,2010-03-14,36,24,13,22,12,10.0
1063,2010-03-18,39,6,26,32,3,4.0
1064,2010-03-21,8,30,43,10,6,18.0
1065,2010-03-24,5,24,30,40,41,9.0
1066,2010-03-28,25,35,36,39,40,12.0
1067,2010-03-31,12,9,14,15,16,20.0
1068,2010-04-03,10,9,28,8,32,16.0
1069,2010-04-08,5,14,25,36,37,2.0
1070,2010-04-11,5,29,31,32,43,11.0
1071,2010-04-15,17,22,36,39,42,14.0
1072,2010-04-18,1,13,38,40,44,20.0
1073,2010-04-22,2,14,23,24,32,11.0
1074,2010-04-25,4,11,17,32,36,10.0
1075,2010-04-29,13,28,32,34,40,12.0
1076,2010-05-02,5,8,15,21,37,20.0
1077,2010-05-06,8,23,24,28,32,9.0
1078,2010-05-09,14,21,29,35,36,18.0
1079,2010-05-13,2,11,13,21,39,6.0
1080,2010-05-16,6,12,21,28,34,16.0
1081,2010-05-19,4,21,23,34,43,19.0
1082,2010-05-23,27,32,34,35,43,16.0
1083,2010-05-27,11,22,33,34,38,16.0
1084,2010-05-30,13,31,38,39,44,4.0
1085,2010-06-03,6,7,14,31,36,5.0
1086,2010-06-06,5,15,32,35,36,9.0
1087,2010-06-10,6,7,12,23,39,16.0
1088,2010-06-13,23,26,32,34,42,16.0
1089,2010-06-17,1,13,18,26,37,17.0
1090,2010-06-20,3,9,11,22,42,12.0
1091,2010-06-24,8,20,31,32,39,8.0
1092,2010-06-27,3,9,18,21,25,20.0
1093,2010-07-01,7,11,23,29,42,18.0
1094,2010-07-04,2,5,21,28,38,6.0
1095,2010-07-07,3,14,15,24,32,8.0
1096,2010-07-11,1,37,44,15,3,7.0
1097,2010-07-15,4,6,31,39,44,3.0
1098,2010-07-18,8,17,24,31,39,19.0
1099,2010-07-22,7,11,26,33,42,15.0
1100,2010-07-25,18,24,28,29,34,17.0
1101,2010-07-29,2,13,35,36,43,9.0
1102,2010-08-01,8,20,23,31,41,11.0
1103,2010-08-05,10,14,16,22,44,1.0
1104,2010-08-08,13,20,31,37,44,20.0
1105,2010-08-12,2,15,33,37,38,20.0
1106,2010-08-14,1,4,14,15,29,9.0
1107,2010-08-19,3,27,32,33,37,14.0
1108,2010-08-22,10,11,16,18,27,20.0
1109,2010-08-26,3,19,23,34,45,2.0
1110,2010-08-29,3,8,34,35,44,2.0
1111,2010-09-02,10,11,15,22,39,5.0
1112,2010-09-05,14,20,30,31,34,1.0
1113,2010-09-09,2,9,21,26,41,7.0
1114,2010-09-12,2,5,25,27,43,12.0
1115,2010-09-16,2,4,12,18,26,18.0
1116,2010-09-19,7,9,32,35,37,9.0
1117,2010-09-23,11,12,25,31,36,19.0
1118,2010-09-26,1,2,3,6,32,2.0
1119,2010-09-30,8,22,25,37,42,17.0
1120,2010-10-03,6,9,10,13,22,4.0
1121,2010-10-07,11,14,29,38,39,9.0
1122,2010-10-10,10,17,24,33,45,8.0
1123,2010-10-14,15,24,26,33,44,12.0
1124,2010-10-17,8,14,20,24,45,8.0
1125,2010-10-21,8,14,23,28,29,13.0
1126,2010-10-24,6,12,13,27,33,3.0
1127,2010-10-27,3,6,20,23,39,1.0
1128,2010-10-31,14,16,17,41,43,18.0
1129,2010-11-04,5,8,27,31,32,13.0
1130,2010-11-07,1,2,17,35,41,20.0
1131,2010-11-11,18,24,28,30,34,13.0
1132,2010-11-14,8,12,14,24,37,12.0
1133,2010-11-18,11,12,17,25,41,13.0
1134,2010-11-21,12,16,33,37,44,12.0
1135,2010-11-25,11,12,19,21,36,8.0
1136,2010-11-28,7,30,36,38,44,14.0
1137,2010-12-02,2,12,17,19,34,3.0
1138,2010-12-05,13,15,17,26,45,16.0
1139,2010-12-09,7,15,18,20,30,12.0
1140,2010-12-12,1,4,9,36,42,7.0
1141,2010-12-16,2,16,18,22,24,3.0
1142,2010-12-19,11,15,22,36,45,2.0
1143,2010-12-23,19,25,31,37,38,14.0
1144,2010-12-26,7,10,12,19,39,5.0
1145,2010-12-30,2,4,6,12,40,9.0
1146,2011-01-02,5,10,14,17,26,12.0
1147,2011-01-06,13,24,26,36,43,15.0
1148,2011-01-09,2,23,29,42,44,2.0
1149,2011-01-13,4,11,25,28,44,14.0
1150,2011-01-16,3,4,18,27,34,6.0
1151,2011-01-20,2,11,26,27,28,5.0
1152,2011-01-23,7,16,21,32,44,11.0
1153,2011-01-27,8,9,11,13,45,9.0
1154,2011-01-30,7,25,29,31,37,8.0
1155,2011-02-03,2,17,18,26,28,4.0
1156,2011-02-06,24,26,30,32,34,1.0
1157,2011-02-10,5,16,30,34,37,15.0
1158,2011-02-13,4,11,13,19,43,4.0
1159,2011-02-17,5,11,12,18,23,3.0
1160,2011-02-20,1,11,13,34,42,9.0
1161,2011-02-24,14,26,30,32,45,12.0
1162,2011-02-27,1,3,6,8,38,15.0
1163,2011-03-03,9,26,34,43,45,3.0
1164,2011-03-06,19,21,24,32,45,9.0
1165,2011-03-10,2,8,35,39,41,8.0
1166,2011-03-13,3,7,37,38,43,11.0
1167,2011-03-17,6,7,10,18,45,11.0
1168,2011-03-20,7,24,29,30,40,18.0
1169,2011-03-24,17,20,27,34,42,8.0
1170,2011-03-27,1,12,34,35,41,4.0
1171,2011-03-31,13,16,31,37,42,6.0
1172,2011-04-03,2,12,17,27,34,12.0
1173,2011-04-07,3,22,23,41,43,1.0
1174,2011-04-10,1,3,6,30,43,11.0
1175,2011-04-14,2,11,26,35,43,1.0
1176,2011-04-17,4,8,10,28,32,18.0
1177,2011-04-20,1,7,23,34,38,9.0
1178,2011-04-23,3,15,18,22,38,11.0
1179,2011-04-28,5,10,29,33,40,4.0
1180,2011-05-01,7,10,17,35,42,17.0
1181,2011-05-05,4,9,17,18,43,11.0
1182,2011-05-08,8,33,35,38,45,9.0
1183,2011-05-12,2,4,26,37,39,5.0
1184,2011-05-15,5,17,22,24,32,12.0
1185,2011-05-19,6,13,18,22,31,1.0
1186,2011-05-22,7,15,18,29,42,3.0
1187,2011-05-26,3,11,17,23,43,12.0
1188,2011-05-29,11,16,19,34,37,3.0
1189,2011-06-02,10,18,19,29,39,13.0
1190,2011-06-05,2,24,31,34,43,1.0
1191,2011-06-08,24,27,35,36,37,6.0
1192,2011-06-12,1,13,19,31,36,10.0
1193,2011-06-16,4,23,30,32,45,12.0
1194,2011-06-19,11,31,36,40,41,9.0
1195,2011-06-23,4,10,24,28,32,16.0
1196,2011-06-26,2,6,9,19,31,5.0
1197,2011-06-30,17,18,33,38,43,5.0
1198,2011-07-03,14,17,19,20,37,15.0
1199,2011-07-07,2,3,23,24,34,17.0
1200,2011-07-10,1,2,13,37,41,15.0
1201,2011-07-14,9,11,25,31,43,2.0
1202,2011-07-17,10,11,22,41,44,7.0
1203,2011-07-21,19,28,34,38,40,11.0
1204,2011-07-24,1,9,11,12,28,12.0
1205,2011-07-28,7,8,14,24,41,17.0
1206,2011-07-31,3,22,25,32,38,1.0
1207,2011-08-04,2,3,14,18,30,6.0
1208,2011-08-07,6,18,25,30,36,8.0
1209,2011-08-11,33,35,37,39,45,10.0
1210,2011-08-14,3,17,22,26,40,19.0
1211,2011-08-18,3,26,27,42,45,11.0
1212,2011-08-21,6,19,23,29,40,8.0
1213,2011-08-25,13,15,16,18,39,2.0
1214,2011-08-28,12,24,30,37,38,7.0
1215,2011-09-01,15,17,37,39,42,5.0
1216,2011-09-04,2,10,13,26,43,7.0
1217,2011-09-08,2,15,19,42,43,6.0
1218,2011-09-11,7,11,15,42,45,3.0
1219,2011-09-15,6,11,14,16,17,8.0
1220,2011-09-18,12,15,18,28,40,9.0
1221,2011-09-22,8,17,30,31,34,16.0
1222,2011-09-25,6,11,13,26,45,4.0
1223,2011-09-29,10,28,35,38,45,2.0
1224,2011-10-02,14,19,35,36,37,3.0
1225,2011-10-06,1,16,27,43,45,18.0
1226,2011-10-09,10,13,30,40,41,9.0
1227,2011-10-13,12,15,19,21,25,19.0
1228,2011-10-16,21,23,26,27,40,18.0
1229,2011-10-20,3,4,26,31,45,16.0
1230,2011-10-23,2,12,28,33,36,7.0
1231,2011-10-27,16,28,33,38,42,4.0
1232,2011-10-30,12,25,30,31,34,15.0
1233,2011-11-03,9,20,22,26,28,3.0
1234,2011-11-06,3,5,8,13,27,18.0
1235,2011-11-10,11,21,27,30,37,6.0
1236,2011-11-13,3,9,15,25,33,2.0
1237,2011-11-17,8,20,28,30,39,4.0
1238,2011-11-20,6,9,21,26,36,12.0
1239,2011-11-24,5,31,35,38,39,14.0
1240,2011-11-27,6,10,12,16,31,18.0
1241,2011-12-01,19,26,28,37,44,16.0
1242,2011-12-04,11,15,24,27,33,12.0
1243,2011-12-08,2,12,26,30,37,15.0
1244,2011-12-11,23,26,31,32,39,13.0
1245,2011-12-15,1,20,30,39,40,3.0
1246,2011-12-18,4,15,35,38,40,17.0
1247,2011-12-22,6,14,18,29,38,4.0
1248,2011-12-24,6,18,21,33,42,12.0
1249,2011-12-29,4,16,22,27,38,6.0
1250,2012-01-01,7,14,16,25,44,11.0
1251,2012-01-05,8,17,30,39,42,15.0
1252,2012-01-08,4,31,32,39,44,2.0
1253,2012-01-12,1,13,23,25,36,17.0
1254,2012-01-15,19,20,23,28,32,5.0
1255,2012-01-19,6,11,20,41,44,7.0
1256,2012-01-22,8,26,30,36,38,13.0
1257,2012-01-26,7,11,12,20,26,19.0
1258,2012-01-29,1,5,29,32,37,10.0
1259,2012-02-02,21,26,28,30,38,14.0
1260,2012-02-05,4,14,25,37,38,7.0
1261,2012-02-09,18,22,27,35,41,20.0
1262,2012-02-12,12,20,21,24,29,12.0
1263,2012-02-16,13,15,20,30,34,13.0
1264,2012-02-19,11,26,31,39,41,10.0
1265,2012-02-23,6,11,14,27,35,3.0
1266,2012-02-26,8,9,14,38,42,15.0
1267,2012-03-01,2,18,35,36,37,9.0
1268,2012-03-04,12,20,28,33,34,2.0
1269,2012-03-08,4,7,24,31,40,15.0
1270,2012-03-11,15,19,23,42,43,6.0
1271,2012-03-15,1,7,18,37,45,10.0
1272,2012-03-18,2,8,25,33,41,6.0
1273,2012-03-22,11,18,21,32,38,14.0
1274,2012-03-24,11,17,19,24,30,1.0
1275,2012-03-29,1,9,14,20,44,7.0
1276,2012-04-01,7,22,35,40,41,5.0
1277,2012-04-05,1,8,15,39,41,18.0
1278,2012-04-08,2,3,17,28,35,2.0
1279,2012-04-11,4,23,28,34,42,7.0
1280,2012-04-14,1,25,27,29,45,15.0
1281,2012-04-19,16,21,24,37,44,4.0
1282,2012-04-22,12,19,21,27,32,2.0
1283,2012-04-26,17,18,19,22,32,7.0
1284,2012-04-29,3,16,32,35,37,3.0
1285,2012-05-03,2,10,14,29,43,17.0
1286,2012-05-06,1,2,5,7,34,18.0
1287,2012-05-10,1,19,24,33,34,1.0
1288,2012-05-13,11,13,19,43,45,17.0
1289,2012-05-17,6,14,22,26,44,13.0
1290,2012-05-20,4,11,12,38,43,16.0
1291,2012-05-24,9,13,19,29,35,11.0
1292,2012-05-27,6,13,28,32,34,4.0
1293,2012-05-31,26,28,38,43,44,5.0
1294,2012-06-03,8,23,24,27,35,13.0
1295,2012-06-07,2,4,6,34,35,18.0
1296,2012-06-10,1,5,8,11,45,11.0
1297,2012-06-14,13,14,31,38,44,11.0
1298,2012-06-17,24,27,34,39,45,16.0
1299,2012-06-21,4,10,16,31,36,14.0
1300,2012-06-24,6,7,12,16,29,13.0
1301,2012-06-28,9,21,26,32,40,2.0
1302,2012-07-01,5,6,18,19,34,20.0
1303,2012-07-05,5,25,28,29,40,7.0
1304,2012-07-08,17,24,26,37,43,14.0
1305,2012-07-12,1,8,14,34,42,14.0
1306,2012-07-15,19,26,31,32,42,8.0
1307,2012-07-19,5,14,27,35,40,6.0
1308,2012-07-22,28,32,33,37,43,5.0
1309,2012-07-26,2,13,18,41,45,4.0
1310,2012-07-29,1,4,6,10,41,8.0
1311,2012-08-02,1,20,32,37,40,7.0
1312,2012-08-05,7,10,21,25,29,19.0
1313,2012-08-09,6,25,29,38,43,4.0
1314,2012-08-12,9,15,21,22,41,6.0
1315,2012-08-16,5,15,20,21,30,2.0
1316,2012-08-19,5,11,21,28,30,13.0
1317,2012-08-23,1,2,13,35,39,17.0
1318,2012-08-26,2,8,16,25,27,1.0
1319,2012-08-30,12,18,25,41,43,20.0
1320,2012-09-02,19,24,33,36,44,13.0
1321,2012-09-06,13,24,31,42,45,2.0
1322,2012-09-09,14,25,29,34,38,4.0
1323,2012-09-13,4,6,7,28,41,8.0
1324,2012-09-16,5,9,32,43,45,14.0
1325,2012-09-20,26,31,33,41,42,20.0
1326,2012-09-23,7,27,38,43,45,15.0
1327,2012-09-27,4,27,35,36,39,12.0
1328,2012-09-30,15,27,31,32,37,20.0
1329,2012-10-04,2,3,7,20,44,4.0
1330,2012-10-07,21,22,28,32,43,10.0
1331,2012-10-11,14,15,17,26,42,14.0
1332,2012-10-14,11,14,18,24,31,11.0
1333,2012-10-17,10,12,29,35,37,19.0
1334,2012-10-21,17,32,35,38,45,19.0
1335,2012-10-25,1,6,14,26,45,14.0
1336,2012-10-27,4,11,19,23,35,12.0
1337,2012-11-01,11,17,37,42,45,20.0
1338,2012-11-04,7,11,12,18,45,4.0
1339,2012-11-11,6,13,32,33,45,14.0
1340,2012-11-15,4,20,28,33,40,1.0
1341,2012-11-18,1,22,28,29,32,5.0
1342,2012-11-22,5,7,13,36,41,2.0
1343,2012-11-25,5,10,25,31,37,5.0
1344,2012-11-29,21,23,26,29,31,11.0
1345,2012-12-02,11,23,30,36,37,17.0
1346,2012-12-06,2,4,7,24,27,4.0
1347,2012-12-09,7,8,13,17,21,16.0
1348,2012-12-13,5,20,22,29,36,17.0
1349,2012-12-16,13,18,23,24,27,6.0
1350,2012-12-20,23,26,30,33,36,7.0
1351,2012-12-23,3,9,12,23,39,4.0
1352,2012-12-27,16,27,29,37,40,1.0
1353,2012-12-30,3,5,26,43,45,13.0
1354,2013-01-03,18,20,28,40,44,7.0
1355,2013-01-06,13,24,25,31,41,9.0
1356,2013-01-11,2,10,13,16,26,4.0
1357,2013-01-13,2,3,21,28,32,3.0
1358,2013-01-17,3,9,19,28,32,2.0
1359,2013-01-20,3,7,19,22,35,4.0
1360,2013-01-24,13,14,20,32,35,8.0
1361,2013-01-27,4,8,19,21,30,11.0
1362,2013-01-31,18,25,28,39,44,16.0
1363,2013-02-03,1,11,15,18,21,15.0
1364,2013-02-07,19,26,27,35,42,10.0
1365,2013-02-10,4,13,21,33,37,5.0
1366,2013-02-14,7,8,9,41,45,17.0
1367,2013-02-17,19,25,28,38,45,19.0
1368,2013-02-21,10,15,30,44,45,2.0
1369,2013-02-24,17,22,24,26,29,5.0
1370,2013-02-28,4,6,11,15,37,19.0
1371,2013-03-03,7,15,27,30,37,7.0
1372,2013-03-07,1,24,37,41,45,9.0
1373,2013-03-10,1,7,21,23,44,8.0
1374,2013-03-14,22,23,26,29,42,6.0
1375,2013-03-17,3,6,25,34,37,16.0
1376,2013-03-21,13,17,39,41,42,5.0
1377,2013-03-24,32,33,38,43,44,10.0
1378,2013-03-28,15,17,21,37,42,11.0
1379,2013-03-31,4,12,35,43,45,15.0
1380,2013-04-04,14,35,36,40,44,16.0
1381,2013-04-07,11,14,30,42,43,13.0
1382,2013-04-11,11,22,34,39,42,6.0
1383,2013-04-14,2,21,27,33,43,19.0
1384,2013-04-18,12,16,23,34,36,16.0
1385,2013-04-21,6,7,10,16,30,3.0
1386,2013-04-25,7,15,18,26,36,14.0
1387,2013-04-28,1,19,25,26,41,5.0
1388,2013-05-02,8,28,32,38,41,14.0
1389,2013-05-04,8,17,21,31,36,20.0
1390,2013-05-09,9,22,26,27,34,5.0
1391,2013-05-12,6,31,34,36,43,3.0
1392,2013-05-16,6,13,18,36,38,19.0
1393,2013-05-19,3,12,16,21,31,4.0
1394,2013-05-23,4,20,32,38,41,18.0
1395,2013-05-26,3,4,13,21,36,19.0
1396,2013-05-30,5,17,27,34,37,5.0
1397,2013-06-02,20,25,26,27,28,6.0
1398,2013-06-06,6,7,28,42,43,5.0
1399,2013-06-09,3,4,21,34,40,7.0
1400,2013-06-14,1,8,10,14,35,1.0
1401,2013-06-16,14,33,34,39,42,19.0
1402,2013-06-20,3,8,10,26,40,10.0
1403,2013-06-23,21,24,27,37,42,14.0
1404,2013-06-27,5,19,26,30,34,2.0
1405,2013-06-30,7,10,31,37,39,16.0
1406,2013-07-04,3,15,21,26,37,6.0
1407,2013-07-07,26,27,36,38,39,17.0
1408,2013-07-11,14,17,18,38,42,19.0
1409,2013-07-14,6,26,31,35,37,1.0
1410,2013-07-18,11,13,21,32,34,6.0
1411,2013-07-21,6,32,37,39,41,2.0
1412,2013-07-25,7,10,16,33,35,1.0
1413,2013-07-28,6,18,21,33,45,5.0
1414,2013-08-01,12,13,29,42,44,9.0
1415,2013-08-04,1,15,29,38,40,4.0
1416,2013-08-08,1,16,34,38,43,15.0
1417,2013-08-11,11,16,17,34,41,3.0
1418,2013-08-14,3,10,22,27,44,15.0
1419,2013-08-18,6,9,13,32,42,4.0
1420,2013-08-22,10,12,16,29,36,19.0
1421,2013-08-25,4,8,24,32,42,16.0
1422,2013-08-29,2,3,19,20,40,4.0
1423,2013-09-01,1,6,14,17,33,17.0
1424,2013-09-05,15,28,38,41,42,3.0
1425,2013-09-08,3,22,36,37,39,11.0
1426,2013-09-12,4,13,24,33,35,12.0
1427,2013-09-15,1,9,34,41,42,16.0
1428,2013-09-19,5,13,17,26,28,11.0
1429,2013-09-22,11,13,14,23,28,5.0
1430,2013-09-26,2,20,23,37,41,10.0
1431,2013-09-29,5,8,15,26,38,18.0
1432,2013-10-03,14,16,25,38,44,7.0
1433,2013-10-06,1,9,29,39,41,18.0
1434,2013-10-10,3,31,40,42,43,3.0
1435,2013-10-13,3,12,24,41,42,1.0
1436,2013-10-17,3,6,14,15,32,17.0
1437,2013-10-20,10,13,14,23,44,14.0
1438,2013-10-24,7,18,28,29,35,19.0
1439,2013-10-27,5,27,36,38,40,11.0
1440,2013-10-31,9,18,20,31,38,18.0
1441,2013-11-03,6,18,25,41,44,8.0
1442,2013-11-07,12,13,25,31,41,15.0
1443,2013-11-10,1,38,41,44,45,15.0
1444,2013-11-14,13,19,21,22,32,12.0
1445,2013-11-17,2,5,26,28,44,7.0
1446,2013-11-21,1,13,14,15,42,7.0
1447,2013-11-24,9,11,22,39,45,18.0
1448,2013-11-28,7,13,32,35,39,2.0
1449,2013-12-01,5,30,31,36,44,19.0
1450,2013-12-05,17,25,27,39,40,8.0
1451,2013-12-08,9,13,14,25,32,13.0
1452,2013-12-12,1,9,27,40,42,19.0
1453,2013-12-15,4,8,15,19,23,4.0
1454,2013-12-19,8,12,13,25,37,15.0
1455,2013-12-22,6,26,33,34,36,14.0
1456,2013-12-26,5,11,13,33,38,10.0
1457,2013-12-29,8,20,24,32,43,10.0
1458,2014-01-02,4,7,20,31,40,12.0
1459,2014-01-05,3,9,17,34,43,4.0
1460,2014-01-09,19,25,27,28,32,6.0
1461,2014-01-12,1,12,16,26,43,3.0
1462,2014-01-16,1,8,24,28,44,3.0
1463,2014-01-19,3,17,22,41,42,2.0
1464,2014-01-23,4,7,12,38,40,12.0
1465,2014-01-26,12,21,29,32,44,11.0
1466,2014-01-30,21,23,26,28,30,9.0
1467,2014-02-02,5,6,22,38,44,1.0
1468,2014-02-06,4,5,10,18,42,19.0
1469,2014-02-09,22,26,35,41,42,19.0
1470,2014-02-13,2,17,25,30,35,7.0
1471,2014-02-16,8,11,12,18,38,8.0
1472,2014-02-20,3,6,10,40,45,10.0
1473,2014-02-23,1,10,17,26,34,10.0
1474,2014-02-27,14,19,27,32,43,9.0
1475,2014-03-02,1,4,33,40,45,15.0
1476,2014-03-06,17,19,20,31,35,7.0
1477,2014-03-09,1,25,27,42,43,7.0
1478,2014-03-13,14,23,30,41,44,6.0
1479,2014-03-16,14,16,32,38,39,16.0
1480,2014-03-20,3,11,15,27,33,5.0
1481,2014-03-23,14,18,19,26,30,19.0
1482,2014-03-27,1,12,17,23,33,1.0
1483,2014-03-30,6,24,33,41,43,6.0
1484,2014-04-03,6,23,24,26,30,4.0
1485,2014-04-06,3,5,11,27,35,11.0
1486,2014-04-10,3,17,38,39,42,18.0
1487,2014-04-13,4,6,8,30,45,6.0
1488,2014-04-16,15,17,26,30,37,1.0
1489,2014-04-19,6,14,18,26,35,2.0
1490,2014-04-24,5,16,17,24,31,8.0
1491,2014-04-27,14,28,31,41,42,1.0
1492,2014-05-01,9,20,22,31,40,19.0
1493,2014-05-04,13,25,30,40,44,3.0
1494,2014-05-08,9,12,15,28,31,2.0
1495,2014-05-11,9,11,14,16,24,14.0
1496,2014-05-15,22,24,25,31,37,7.0
1497,2014-05-18,13,16,21,24,30,1.0
1498,2014-05-22,15,16,34,37,44,9.0
1499,2014-05-25,2,7,10,16,40,17.0
1500,2014-05-29,11,13,16,39,44,17.0
1501,2014-06-01,1,8,18,27,42,16.0
1502,2014-06-05,2,7,9,11,39,16.0
1503,2014-06-08,6,10,30,35,41,6.0
1504,2014-06-12,20,21,28,44,45,8.0
1505,2014-06-15,4,7,9,19,34,13.0
1506,2014-06-19,3,21,25,35,42,20.0
1507,2014-06-22,4,19,24,40,44,17.0
1508,2014-06-26,4,19,20,22,41,3.0
1509,2014-06-29,5,12,19,22,34,5.0
1510,2014-07-03,7,14,24,33,38,3.0
1511,2014-07-06,3,4,13,28,42,17.0
1512,2014-07-10,2,14,17,22,28,6.0
1513,2014-07-13,4,14,15,29,31,5.0
1514,2014-07-17,9,24,29,36,42,15.0
1515,2014-07-20,7,8,9,25,32,4.0
1516,2014-07-24,3,9,16,33,36,18.0
1517,2014-07-27,11,12,27,41,43,7.0
1518,2014-07-31,6,12,13,20,39,5.0
1519,2014-08-03,11,15,20,23,36,3.0
1520,2014-08-07,6,8,16,20,43,18.0
1521,2014-08-10,10,21,29,31,34,18.0
1522,2014-08-14,7,25,27,36,44,3.0
1523,2014-08-17,18,19,25,34,36,17.0
1524,2014-08-21,19,21,25,31,41,13.0
1525,2014-08-24,4,5,8,13,14,9.0
1526,2014-08-28,1,11,29,36,41,11.0
1527,2014-08-31,17,23,25,33,40,12.0
1528,2014-09-04,2,7,14,23,37,18.0
1529,2014-09-07,4,7,23,30,35,16.0
1530,2014-09-11,5,13,18,24,35,10.0
1531,2014-09-14,1,6,14,34,41,9.0
1532,2014-09-18,8,9,14,29,43,3.0
1533,2014-09-21,6,9,11,26,42,19.0
1534,2014-09-25,10,14,15,37,43,16.0
1535,2014-09-28,2,19,30,31,40,6.0
1536,2014-10-02,11,12,17,35,36,13.0
1537,2014-10-05,14,17,19,21,41,20.0
1538,2014-10-09,3,9,16,33,40,2.0
1539,2014-10-12,6,8,21,29,45,10.0
1540,2014-10-16,2,6,13,16,43,10.0
1541,2014-10-19,6,13,18,23,45,12.0
1542,2014-10-23,1,26,32,37,38,9.0
1543,2014-10-26,5,7,13,17,37,2.0
1544,2014-10-30,10,18,19,29,32,17.0
1545,2014-11-02,5,9,16,39,42,12.0
1546,2014-11-06,9,14,20,24,30,16.0
1547,2014-11-09,1,3,16,23,30,10.0
1548,2014-11-13,14,15,18,39,42,11.0
1549,2014-11-16,1,27,39,41,42,18.0
1550,2014-11-20,5,15,16,29,44,7.0
1551,2014-11-23,18,24,25,28,32,18.0
1552,2014-11-27,5,9,15,22,42,10.0
1553,2014-11-30,1,4,18,20,34,12.0
1554,2014-12-04,1,28,35,37,41,7.0
1555,2014-12-07,23,37,39,40,44,4.0
1556,2014-12-11,6,25,35,37,38,11.0
1557,2014-12-14,7,10,27,29,37,12.0
1558,2014-12-18,11,18,19,28,39,7.0
1559,2014-12-21,6,13,30,31,35,9.0
1560,2014-12-24,2,16,34,44,45,5.0
1561,2014-12-28,1,9,21,28,38,2.0
1562,2015-01-01,2,9,33,36,41,20.0
1563,2015-01-04,1,2,8,9,24,6.0
1564,2015-01-08,10,17,25,38,39,7.0
1565,2015-01-11,24,26,32,36,44,7.0
1566,2015-01-15,7,8,10,11,30,15.0
1567,2015-01-18,1,24,27,32,40,18.0
1568,2015-01-22,24,25,30,31,42,16.0
1569,2015-01-25,8,14,25,28,37,9.0
1570,2015-01-29,9,12,13,31,36,17.0
1571,2015-02-01,1,5,29,32,43,15.0
1572,2015-02-05,13,30,35,44,45,10.0
1573,2015-02-08,5,6,15,24,44,8.0
1574,2015-02-12,6,8,10,14,19,3.0
1575,2015-02-15,17,31,33,37,43,18.0
1576,2015-02-19,14,19,38,39,40,18.0
1577,2015-02-22,2,18,20,34,42,20.0
1578,2015-02-26,4,16,20,28,39,11.0
1579,2015-03-01,4,12,22,28,42,16.0
1580,2015-03-05,2,3,17,33,41,17.0
1581,2015-03-08,1,2,20,21,35,2.0
1582,2015-03-12,4,14,20,32,36,2.0
1583,2015-03-15,5,9,16,33,36,19.0
1584,2015-03-19,3,20,28,32,44,1.0
1585,2015-03-22,10,13,24,38,45,8.0
1586,2015-03-26,4,13,19,28,44,11.0
1587,2015-03-29,6,20,31,36,42,3.0
1588,2015-04-02,3,17,19,34,44,10.0
1589,2015-04-05,7,20,21,31,32,8.0
1590,2015-04-08,15,33,34,39,40,10.0
1591,2015-04-11,15,17,21,29,38,2.0
1592,2015-04-16,2,12,22,34,39,13.0
1593,2015-04-19,4,13,24,42,45,15.0
1594,2015-04-23,20,22,28,29,37,17.0
1595,2015-04-26,6,13,26,27,40,16.0
1596,2015-04-30,21,31,38,39,43,10.0
1597,2015-05-03,1,11,23,25,29,17.0
1598,2015-05-07,21,26,29,40,44,4.0
1599,2015-05-10,7,16,19,36,39,2.0
1600,2015-05-14,16,17,18,20,38,3.0
1601,2015-05-17,5,7,9,33,40,7.0
1602,2015-05-21,16,19,33,41,44,17.0
1603,2015-05-24,2,20,27,36,44,7.0
1604,2015-05-28,12,32,34,36,42,16.0
1605,2015-05-31,16,19,29,38,39,11.0
1606,2015-06-04,10,12,17,31,40,4.0
1607,2015-06-07,6,23,24,42,45,15.0
1608,2015-06-11,3,15,23,36,38,9.0
1609,2015-06-14,16,21,23,25,31,10.0
1610,2015-06-18,17,20,34,40,44,13.0
1611,2015-06-21,3,28,29,35,43,6.0
1612,2015-06-25,19,22,23,32,41,16.0
1613,2015-06-28,1,11,16,39,42,3.0
1614,2015-07-02,16,32,35,37,39,8.0
1615,2015-07-05,13,21,23,29,38,18.0
1616,2015-07-09,9,16,24,26,39,17.0
1617,2015-07-12,6,18,40,41,43,11.0
1618,2015-07-16,3,5,27,33,36,7.0
1619,2015-07-19,2,18,24,27,39,9.0
1620,2015-07-23,3,6,8,25,39,19.0
1621,2015-07-26,13,27,29,34,44,1.0
1622,2015-07-30,17,22,29,31,44,4.0
1623,2015-08-02,7,9,22,24,35,5.0
1624,2015-08-06,5,16,24,29,33,15.0
1625,2015-08-09,3,4,21,22,32,4.0
1626,2015-08-13,5,19,24,41,44,11.0
1627,2015-08-16,10,20,28,32,44,3.0
1628,2015-08-20,3,5,9,14,21,10.0
1629,2015-08-23,5,11,20,25,26,3.0
1630,2015-08-27,12,18,27,30,42,7.0
1631,2015-08-30,7,23,29,41,43,18.0
1632,2015-09-03,9,13,14,15,35,3.0
1633,2015-09-06,15,34,35,36,40,14.0
1634,2015-09-10,16,24,30,42,43,13.0
1635,2015-09-13,13,14,19,28,42,14.0
1636,2015-09-17,2,22,27,37,41,6.0
1637,2015-09-20,13,16,18,23,40,12.0
1638,2015-09-24,17,20,28,34,45,2.0
1639,2015-09-27,4,7,18,20,45,8.0
1640,2015-10-01,3,13,21,25,30,17.0
1641,2015-10-04,17,20,33,39,41,3.0
1642,2015-10-08,9,10,13,19,37,5.0
1643,2015-10-11,8,20,31,39,41,18.0
1644,2015-10-15,2,12,13,27,31,17.0
1645,2015-10-18,20,34,40,43,44,15.0
1646,2015-10-22,15,19,31,33,41,8.0
1647,2015-10-25,2,18,24,27,29,6.0
1648,2015-10-29,7,16,27,39,42,19.0
1649,2015-11-01,12,13,18,32,34,13.0
1650,2015-11-05,1,9,21,26,34,4.0
1651,2015-11-08,9,10,14,17,43,1.0
1652,2015-11-12,4,11,23,34,43,10.0
1653,2015-11-15,15,17,24,28,33,6.0
1654,2015-11-19,6,9,11,17,25,11.0
1655,2015-11-22,15,21,22,27,42,9.0
1656,2015-11-26,18,22,23,25,37,14.0
1657,2015-11-29,2,10,19,31,32,13.0
1658,2015-12-03,19,21,31,41,42,16.0
1659,2015-12-06,1,4,8,12,42,16.0
1660,2015-12-10,11,13,18,24,30,9.0
1661,2015-12-13,10,27,28,31,38,3.0
1662,2015-12-17,12,19,29,30,44,5.0
1663,2015-12-20,1,5,10,19,28,6.0
1664,2015-12-24,4,13,14,22,41,4.0
1665,2015-12-27,17,25,36,39,45,10.0
1666,2015-12-31,20,27,37,41,45,20.0
1667,2016-01-03,1,7,13,16,38,2.0
1668,2016-01-07,12,24,25,43,44,3.0
1669,2016-01-10,6,13,20,39,42,5.0
1670,2016-01-14,5,29,32,36,38,15.0
1671,2016-01-17,4,5,14,18,29,8.0
1672,2016-01-21,15,31,37,39,45,5.0
1673,2016-01-24,5,10,11,21,26,10.0
1674,2016-01-28,25,32,33,35,41,19.0
1675,2016-01-31,3,13,14,27,31,4.0
1676,2016-02-04,5,12,19,41,44,2.0
1677,2016-02-07,1,5,9,11,14,8.0
1678,2016-02-11,4,17,25,28,30,10.0
1679,2016-02-14,6,20,27,32,34,10.0
1680,2016-02-18,25,26,27,32,37,4.0
1681,2016-02-21,14,21,27,38,45,8.0
1682,2016-02-25,1,2,4,16,19,12.0
1683,2016-02-28,2,15,16,28,43,10.0
1684,2016-03-03,11,27,34,38,40,15.0
1685,2016-03-06,14,20,21,30,31,5.0
1686,2016-03-10,3,26,27,39,44,8.0
1687,2016-03-13,5,24,27,31,35,3.0
1688,2016-03-17,5,14,24,27,43,4.0
1689,2016-03-20,10,17,22,27,40,10.0
1690,2016-03-24,14,19,21,31,32,4.0
1691,2016-03-27,1,5,27,42,43,15.0
1692,2016-03-31,1,21,22,41,43,9.0
1693,2016-04-03,5,9,10,20,44,16.0
1694,2016-04-07,6,14,31,42,43,17.0
1695,2016-04-10,8,17,19,26,36,1.0
1696,2016-04-14,2,6,16,20,29,6.0
1697,2016-04-17,5,12,15,35,43,1.0
1698,2016-04-21,20,34,38,41,45,13.0
1699,2016-04-24,4,26,27,30,44,5.0
1700,2016-04-27,23,24,28,39,43,12.0
1701,2016-04-30,8,14,15,17,29,17.0
1702,2016-05-05,7,14,21,44,45,19.0
1703,2016-05-08,18,24,30,38,39,15.0
1704,2016-05-12,9,14,37,40,43,15.0
1705,2016-05-15,9,15,27,35,41,8.0
1706,2016-05-19,3,5,10,23,44,13.0
1707,2016-05-22,9,15,17,24,34,15.0
1708,2016-05-26,6,7,8,26,43,7.0
1709,2016-05-29,10,16,29,34,40,5.0
1710,2016-06-02,7,18,19,29,37,11.0
1711,2016-06-05,2,6,18,22,31,2.0
1712,2016-06-09,1,15,30,31,42,7.0
1713,2016-06-12,7,8,12,21,26,4.0
1714,2016-06-16,12,18,26,43,45,19.0
1715,2016-06-19,8,23,24,30,37,15.0
1716,2016-06-23,8,12,21,35,37,4.0
1717,2016-06-26,5,22,23,25,33,17.0
1718,2016-06-30,16,17,19,21,24,5.0
1719,2016-07-03,1,4,8,18,39,6.0
1720,2016-07-07,5,12,18,34,37,12.0
1721,2016-07-10,2,8,23,33,45,19.0
1722,2016-07-14,14,32,33,35,40,8.0
1723,2016-07-17,3,13,18,23,38,4.0
1724,2016-07-21,5,15,29,32,44,18.0
1725,2016-07-24,2,20,33,35,41,7.0
1726,2016-07-28,5,7,14,29,40,4.0
1727,2016-07-31,8,12,19,21,34,8.0
1728,2016-08-04,2,5,9,32,34,5.0
1729,2016-08-07,11,34,35,38,39,17.0
1730,2016-08-11,27,37,38,39,44,1.0
1731,2016-08-14,14,16,18,31,32,13.0
1732,2016-08-18,4,15,17,30,32,4.0
1733,2016-08-21,12,27,37,38,44,10.0
1734,2016-08-25,15,23,34,35,44,3.0
1735,2016-08-28,4,10,18,32,44,2.0
1736,2016-09-01,10,14,19,21,40,2.0
1737,2016-09-04,16,23,29,40,42,15.0
1738,2016-09-08,4,12,21,31,43,20.0
1739,2016-09-11,6,12,13,24,31,17.0
1740,2016-09-15,3,12,14,27,42,18.0
1741,2016-09-18,2,16,28,30,45,20.0
1742,2016-09-22,6,14,30,36,39,2.0
1743,2016-09-25,12,24,40,41,43,19.0
1744,2016-09-29,11,15,19,32,44,1.0
1745,2016-10-02,2,6,20,33,34,1.0
1746,2016-10-06,5,11,27,40,45,10.0
1747,2016-10-09,12,23,28,40,41,4.0
1748,2016-10-13,10,11,13,21,36,3.0
1749,2016-10-16,8,9,23,35,41,3.0
1750,2016-10-20,3,9,11,28,34,4.0
1751,2016-10-23,2,18,22,25,34,17.0
1752,2016-10-27,2,10,16,18,19,9.0
1753,2016-10-30,11,12,24,31,34,10.0
1754,2016-11-03,12,17,20,21,23,15.0
1755,2016-11-06,3,4,21,25,30,10.0
1756,2016-11-10,6,16,22,26,37,9.0
1757,2016-11-13,2,3,5,25,39,13.0
1758,2016-11-17,10,17,24,36,41,9.0
1759,2016-11-20,3,16,26,34,40,8.0
1760,2016-11-24,11,13,25,38,45,11.0
1761,2016-11-27,2,31,33,35,43,20.0
1762,2016-12-01,14,29,35,43,45,1.0
1763,2016-12-04,12,17,28,30,36,8.0
1764,2016-12-08,8,15,22,40,45,6.0
1765,2016-12-11,10,14,33,34,42,6.0
1766,2016-12-15,1,14,27,39,41,2.0
1767,2016-12-18,5,9,11,28,31,19.0
1768,2016-12-22,12,13,20,34,39,11.0
1769,2016-12-24,1,3,31,35,42,7.0
1770,2016-12-29,5,26,30,31,41,17.0
1771,2017-01-01,14,16,17,26,34,10.0
1772,2017-01-05,4,7,25,37,42,13.0
1773,2017-01-08,11,22,26,35,36,18.0
1774,2017-01-12,20,21,25,30,38,11.0
1775,2017-01-15,8,22,27,29,38,4.0
1776,2017-01-19,20,22,29,31,32,5.0
1777,2017-01-22,11,14,18,27,45,19.0
1778,2017-01-26,8,12,14,23,45,16.0
1779,2017-01-29,14,23,31,41,45,7.0
1780,2017-02-02,1,8,13,30,42,3.0
1781,2017-02-05,7,10,13,14,30,17.0
1782,2017-02-09,11,17,29,33,43,16.0
1783,2017-02-12,4,21,33,34,36,16.0
1784,2017-02-16,9,11,33,43,44,13.0
1785,2017-02-19,1,16,22,25,38,2.0
1786,2017-02-23,22,27,38,40,42,2.0
1787,2017-02-26,3,4,16,33,37,15.0
1788,2017-03-02,2,5,31,41,45,11.0
1789,2017-03-05,18,19,21,34,38,15.0
1790,2017-03-09,3,5,8,24,40,17.0
1791,2017-03-12,8,10,28,38,41,6.0
1792,2017-03-16,4,14,20,27,35,10.0
1793,2017-03-19,17,29,31,37,38,15.0
1794,2017-03-23,2,13,16,19,20,11.0
1795,2017-03-26,4,21,30,37,38,8.0
1796,2017-03-30,14,23,25,27,34,20.0
1797,2017-04-02,3,13,17,23,32,19.0
1798,2017-04-06,27,28,31,37,42,1.0
1799,2017-04-09,10,12,29,30,43,12.0
1800,2017-04-12,13,17,21,36,45,6.0
1801,2017-04-15,25,29,35,36,44,11.0
1802,2017-04-20,12,14,15,17,38,8.0
1803,2017-04-23,3,29,32,33,42,20.0
1804,2017-04-27,2,9,12,27,41,11.0
1805,2017-04-30,8,16,24,30,37,17.0
1806,2017-05-04,9,16,33,40,41,3.0
1807,2017-05-07,1,7,12,21,42,17.0
1808,2017-05-11,8,12,23,27,29,15.0
1809,2017-05-14,34,38,40,41,43,6.0
1810,2017-05-18,7,22,31,43,44,13.0
1811,2017-05-21,5,12,13,40,41,2.0
1812,2017-05-25,10,18,24,27,41,15.0
1813,2017-05-28,10,29,35,36,45,7.0
1814,2017-06-01,6,7,20,23,40,15.0
1815,2017-06-04,11,18,22,25,41,19.0
1816,2017-06-08,5,10,16,28,40,19.0
1817,2017-06-11,7,15,16,19,40,11.0
1818,2017-06-15,6,23,24,25,37,9.0
1819,2017-06-18,10,11,26,28,32,11.0
1820,2017-06-22,5,12,33,35,36,8.0
1821,2017-06-25,1,2,5,10,30,17.0
1822,2017-06-29,8,17,25,31,33,10.0
1823,2017-07-02,11,15,16,29,31,18.0
1824,2017-07-06,2,14,23,28,42,1.0
1825,2017-07-09,6,8,12,27,42,16.0
1826,2017-07-13,3,4,32,38,39,19.0
1827,2017-07-16,12,17,23,26,36,20.0
1828,2017-07-20,10,11,24,25,41,6.0
1829,2017-07-23,33,35,40,41,43,4.0
1830,2017-07-27,24,28,32,33,43,18.0
1831,2017-07-30,6,15,33,38,42,19.0
1832,2017-08-03,1,5,8,12,15,19.0
1833,2017-08-06,4,7,23,34,45,12.0
1834,2017-08-10,12,25,28,30,39,16.0
1835,2017-08-13,1,16,20,28,29,1.0
1836,2017-08-17,10,24,31,34,35,5.0
1837,2017-08-20,2,4,28,29,36,2.0
1838,2017-08-24,8,15,21,31,40,3.0
1839,2017-08-27,4,17,39,41,43,15.0
1840,2017-08-31,1,12,15,27,28,1.0
1841,2017-09-03,17,21,31,41,43,2.0
1842,2017-09-07,9,21,35,44,45,13.0
1843,2017-09-10,3,13,15,18,26,18.0
1844,2017-09-14,2,10,12,14,30,3.0
1845,2017-09-17,3,18,22,29,41,2.0
1846,2017-09-21,8,10,16,32,42,3.0
1847,2017-09-24,14,19,24,29,37,8.0
1848,2017-09-28,1,11,27,40,44,16.0
1849,2017-10-01,2,6,25,35,38,8.0
1850,2017-10-05,10,14,37,38,43,18.0
1851,2017-10-08,21,23,25,29,32,16.0
1852,2017-10-12,9,27,29,36,38,14.0
1853,2017-10-15,1,2,11,15,35,3.0
1854,2017-10-19,2,13,27,32,33,13.0
1855,2017-10-22,6,14,21,36,39,9.0
1856,2017-10-26,13,15,24,36,40,15.0
1857,2017-10-29,2,9,19,24,25,16.0
1858,2017-11-02,4,9,28,31,39,8.0
1859,2017-11-05,5,12,15,25,28,17.0
1860,2017-11-09,6,10,32,35,42,13.0
1861,2017-11-12,4,21,27,30,45,4.0
1862,2017-11-16,9,14,35,37,43,13.0
1863,2017-11-19,1,3,25,26,32,13.0
1864,2017-11-23,1,7,24,30,34,14.0
1865,2017-11-26,3,4,6,38,41,16.0
1866,2017-11-30,11,19,23,32,45,10.0
1867,2017-12-03,2,13,24,29,38,10.0
1868,2017-12-07,5,21,22,25,32,11.0
1869,2017-12-10,3,13,22,24,25,2.0
1870,2017-12-14,5,22,25,30,45,9.0
1871,2017-12-17,6,20,21,30,45,18.0
1872,2017-12-21,3,13,14,17,40,17.0
1873,2017-12-24,1,13,15,24,40,8.0
1874,2017-12-28,1,17,25,30,39,10.0
1875,2017-12-31,3,13,23,36,42,14.0
1876,2018-01-04,4,9,17,22,32,12.0
1877,2018-01-07,20,29,34,38,43,7.0
1878,2018-01-11,1,4,8,34,43,11.0
1879,2018-01-14,8,14,29,33,44,15.0
1880,2018-01-18,4,15,21,42,44,19.0
1881,2018-01-21,6,18,20,24,34,18.0
1882,2018-01-25,3,9,11,18,36,19.0
1883,2018-01-28,11,17,22,24,26,15.0
1884,2018-02-01,3,7,9,19,44,9.0
1885,2018-02-04,6,16,20,28,32,2.0
1886,2018-02-08,7,10,22,32,43,8.0
1887,2018-02-11,4,9,26,28,30,17.0
1888,2018-02-15,3,7,14,29,38,12.0
1889,2018-02-18,1,9,26,30,45,16.0
1890,2018-02-22,3,8,10,17,18,9.0
1891,2018-02-25,3,4,8,12,25,4.0
1892,2018-03-01,13,19,23,26,36,10.0
1893,2018-03-04,2,3,26,37,42,20.0
1894,2018-03-08,10,12,29,43,45,11.0
1895,2018-03-11,3,11,20,35,38,6.0
1896,2018-03-15,5,13,20,25,28,16.0
1897,2018-03-18,1,13,17,21,41,12.0
1898,2018-03-22,4,11,22,23,34,12.0
1899,2018-03-24,9,19,23,40,42,9.0
1900,2018-03-29,12,24,35,37,39,3.0
1901,2018-04-01,4,5,12,15,21,6.0
1902,2018-04-04,8,24,37,42,43,6.0
1903,2018-04-07,21,29,31,32,40,16.0
1904,2018-04-12,9,10,12,21,38,4.0
1905,2018-04-15,11,13,18,31,40,11.0
1906,2018-04-19,4,9,21,38,40,15.0
1907,2018-04-22,2,8,10,29,39,18.0
1908,2018-04-26,4,9,13,31,45,10.0
1909,2018-04-29,4,7,17,27,42,8.0
1910,2018-05-03,9,31,32,41,44,12.0
1911,2018-05-06,3,23,30,33,38,10.0
1912,2018-05-10,8,22,23,36,43,19.0
1913,2018-05-13,2,22,25,34,41,7.0
1914,2018-05-17,3,13,15,39,43,9.0
1915,2018-05-20,5,11,12,18,23,19.0
1916,2018-05-24,13,19,22,25,27,8.0
1917,2018-05-27,2,3,17,21,24,4.0
1918,2018-05-31,8,11,14,15,39,2.0
1919,2018-06-03,11,15,23,25,31,14.0
1920,2018-06-07,4,11,19,31,43,14.0
1921,2018-06-10,3,13,20,21,40,13.0
1922,2018-06-14,1,9,15,42,43,17.0
1923,2018-06-17,2,4,22,23,39,17.0
1924,2018-06-21,23,29,37,43,45,19.0
1925,2018-06-24,17,22,27,31,41,7.0
1926,2018-06-28,1,6,27,40,41,18.0
1927,2018-07-01,26,29,33,39,45,13.0
1928,2018-07-05,10,12,17,25,33,1.0
1929,2018-07-08,1,4,5,7,36,4.0
1930,2018-07-12,7,9,22,29,39,17.0
1931,2018-07-15,3,8,20,24,45,5.0
1932,2018-07-19,15,23,30,37,42,19.0
1933,2018-07-22,4,27,28,34,43,20.0
1934,2018-07-26,6,17,19,24,44,3.0
1935,2018-07-29,2,10,15,17,39,14.0
1936,2018-08-02,1,15,26,30,42,6.0
1937,2018-08-05,9,13,21,22,37,1.0
1938,2018-08-09,5,19,25,28,36,5.0
1939,2018-08-12,5,13,21,31,34,5.0
1940,2018-08-16,7,11,36,37,44,1.0
1941,2018-08-19,2,6,9,28,38,11.0
1942,2018-08-23,2,6,28,29,31,11.0
1943,2018-08-26,15,18,22,23,36,8.0
1944,2018-08-30,5,10,12,17,41,15.0
1945,2018-09-02,5,22,29,31,36,18.0
1946,2018-09-06,1,6,7,24,30,18.0
1947,2018-09-09,2,5,7,13,33,4.0
1948,2018-09-13,8,17,18,28,35,18.0
1949,2018-09-16,1,10,15,25,31,14.0
1950,2018-09-20,8,12,14,16,22,11.0
1951,2018-09-23,20,22,26,31,34,1.0
1952,2018-09-27,3,5,39,41,45,3.0
1953,2018-09-30,2,15,20,32,33,1.0
1954,2018-10-04,7,22,29,31,42,15.0
1955,2018-10-07,4,20,24,28,32,12.0
1956,2018-10-11,23,24,31,33,36,17.0
1957,2018-10-14,9,15,19,23,34,20.0
1958,2018-10-18,3,8,11,37,45,4.0
1959,2018-10-21,1,5,16,25,41,2.0
1960,2018-10-25,27,9,36,22,7,18.0
1961,2018-10-29,18,9,22,6,12,5.0
1962,2018-11-01,20,2,30,1,6,18.0
1963,2018-11-04,4,25,38,39,21,12.0
1964,2018-11-08,11,15,18,29,45,2.0
1965,2018-11-11,6,8,17,23,25,11.0
1966,2018-11-15,9,15,18,24,30,10.0
1967,2018-11-18,31,33,36,43,45,20.0
1968,2018-11-22,10,23,29,30,44,18.0
1969,2018-11-25,7,11,36,40,42,14.0
1970,2018-11-29,16,18,29,42,44,14.0
1971,2018-12-02,9,14,28,29,38,17.0
1972,2018-12-06,4,5,30,35,42,10.0
1973,2018-12-09,4,7,25,28,35,20.0
1974,2018-12-13,17,22,36,39,42,1.0
1975,2018-12-16,1,14,18,21,38,4.0
1976,2018-12-20,14,15,24,30,31,14.0
1977,2018-12-23,1,3,5,23,24,15.0
1978,2018-12-27,3,12,26,32,42,7.0
1979,2018-12-30,11,14,16,27,33,8.0
1980,2019-01-03,12,15,23,36,45,5.0
1981,2019-01-06,1,2,26,28,41,15.0
1982,2019-01-10,5,8,29,37,43,11.0
1983,2019-01-13,6,27,29,30,33,12.0
1984,2019-01-17,10,20,23,29,44,8.0
1985,2019-01-20,15,16,31,33,40,15.0
1986,2019-01-24,10,16,29,30,31,7.0
1987,2019-01-27,2,5,9,21,28,15.0
1988,2019-01-31,1,14,26,34,44,4.0
1989,2019-02-03,3,5,18,28,39,9.0
1990,2019-02-07,6,13,17,27,34,13.0
1991,2019-02-10,7,13,15,41,42,7.0
1992,2019-02-14,2,7,14,33,36,20.0
1993,2019-02-17,10,26,27,30,38,11.0
1994,2019-02-21,5,10,17,19,32,3.0
1995,2019-02-24,1,28,30,43,45,20.0
1996,2019-02-28,10,14,25,34,36,10.0
1997,2019-03-03,8,20,30,34,39,20.0
1998,2019-03-07,13,22,25,26,32,1.0
1999,2019-03-10,7,30,38,39,41,3.0
2000,2019-03-14,2,19,21,29,32,19.0
2001,2019-03-17,1,3,17,22,39,12.0
2002,2019-03-21,26,37,38,41,45,9.0
2003,2019-03-24,16,18,21,25,26,9.0
2004,2019-03-28,12,16,23,24,38,18.0
2005,2019-03-31,14,19,20,37,42,1.0
2006,2019-04-04,2,9,26,28,40,6.0
2007,2019-04-07,6,8,11,12,39,10.0
2008,2019-04-11,13,16,28,35,40,20.0
2009,2019-04-14,6,14,25,28,41,14.0
2010,2019-04-18,21,35,39,40,41,14.0
2011,2019-04-21,4,6,16,27,28,18.0
2012,2019-04-24,1,10,26,27,42,7.0
2013,2019-04-27,2,10,13,33,44,15.0
2014,2019-05-02,1,8,9,19,38,5.0
2015,2019-05-05,5,19,20,28,34,1.0
2016,2019-05-09,3,12,14,15,19,12.0
2017,2019-05-12,3,14,15,17,45,1.0
2018,2019-05-16,4,20,26,37,40,15.0
2019,2019-05-19,3,9,21,25,32,12.0
2020,2019-05-23,4,5,28,29,36,15.0
2021,2019-05-26,11,17,18,31,32,12.0
2022,2019-05-30,1,7,9,15,34,1.0
2023,2019-06-02,13,18,28,30,40,14.0
2024,2019-06-06,5,20,23,24,30,9.0
2025,2019-06-09,9,31,41,43,45,13.0
2026,2019-06-13,4,10,11,16,37,3.0
2027,2019-06-16,8,15,20,36,39,9.0
2028,2019-06-20,7,16,32,41,44,2.0
2029,2019-06-23,12,15,17,21,39,16.0
2030,2019-06-27,1,7,19,31,41,19.0
2031,2019-06-30,28,30,34,38,39,19.0
2032,2019-07-04,13,18,25,42,43,1.0
2033,2019-07-07,9,20,27,32,39,15.0
2034,2019-07-11,1,10,20,32,45,19.0
2035,2019-07-14,7,14,27,29,35,12.0
2036,2019-07-18,7,23,29,33,36,5.0
2037,2019-07-21,3,14,16,34,45,7.0
2038,2019-07-25,2,13,20,22,45,5.0
2039,2019-07-28,12,13,36,37,44,19.0
2040,2019-08-01,22,24,30,35,42,11.0
2041,2019-08-04,5,7,10,27,34,11.0
2042,2019-08-08,9,12,23,30,44,15.0
2043,2019-08-11,6,9,25,30,39,4.0
2044,2019-08-14,8,10,23,38,45,15.0
2045,2019-08-18,2,8,11,18,36,2.0
2046,2019-08-22,8,16,19,35,44,7.0
2047,2019-08-25,1,5,8,15,33,12.0
2048,2019-08-29,2,9,26,43,45,12.0
2049,2019-09-01,7,16,21,32,37,20.0
2050,2019-09-05,1,3,16,17,18,15.0
2051,2019-09-08,8,11,14,18,25,3.0
2052,2019-09-12,19,20,33,43,45,19.0
2053,2019-09-15,8,9,14,28,31,19.0
2054,2019-09-19,20,27,31,38,39,4.0
2055,2019-09-22,4,23,24,39,40,6.0
2056,2019-09-26,5,20,23,40,44,18.0
2057,2019-09-29,8,12,13,37,40,15.0
2058,2019-10-03,4,7,9,11,19,14.0
2059,2019-10-06,3,4,11,31,39,8.0
2060,2019-10-10,4,20,23,31,42,1.0
2061,2019-10-13,3,8,9,29,31,9.0
2062,2019-10-17,9,10,30,33,38,7.0
2063,2019-10-20,6,7,10,11,13,20.0
2064,2019-10-24,2,19,20,36,40,12.0
2065,2019-10-27,18,23,27,36,44,9.0
2066,2019-10-31,7,10,34,36,41,5.0
2067,2019-11-03,1,16,36,38,44,12.0
2068,2019-11-07,2,30,33,36,40,9.0
2069,2019-11-10,15,20,24,27,39,3.0
2070,2019-11-14,2,3,9,30,36,10.0
2071,2019-11-17,2,13,15,28,37,12.0
2072,2019-11-21,7,29,36,38,39,8.0
2073,2019-11-24,1,5,22,37,44,12.0
2074,2019-11-28,6,11,15,24,33,3.0
2075,2019-12-01,8,24,34,38,43,16.0
2076,2019-12-05,4,8,15,19,26,17.0
2077,2019-12-08,7,15,17,33,37,17.0
2078,2019-12-12,3,10,28,31,41,6.0
2079,2019-12-15,7,10,12,28,32,5.0
2080,2019-12-19,10,24,32,35,40,13.0
2081,2019-12-22,9,24,34,36,43,14.0
2082,2019-12-26,5,9,11,27,45,6.0
2083,2019-12-29,8,15,17,18,44,8.0
2084,2020-01-02,3,6,30,40,43,18.0
2085,2020-01-05,11,20,29,36,39,13.0
2086,2020-01-09,29,30,33,34,45,4.0
2087,2020-01-12,7,14,18,24,28,2.0
2088,2020-01-16,22,26,40,41,44,18.0
2089,2020-01-19,4,9,11,23,40,10.0
2090,2020-01-23,3,8,12,25,31,5.0
2091,2020-01-26,20,23,29,33,35,1.0
2092,2020-01-30,14,19,22,23,25,18.0
2093,2020-02-02,8,18,26,27,42,12.0
2094,2020-02-06,4,13,31,33,45,6.0
2095,2020-02-09,1,9,11,35,37,1.0
2096,2020-02-13,2,4,22,35,41,19.0
2097,2020-02-16,1,12,13,22,43,18.0
2098,2020-02-20,10,14,17,27,44,1.0
2099,2020-02-23,10,15,24,32,37,2.0
2100,2020-02-27,12,26,31,37,45,9.0
2101,2020-03-01,4,15,27,32,40,19.0
2102,2020-03-05,16,18,27,30,37,11.0
2103,2020-03-08,19,23,24,36,37,10.0
2104,2020-03-12,3,12,24,34,45,20.0
2105,2020-03-15,5,15,25,34,40,10.0
2106,2020-03-22,4,7,25,42,45,11.0
2107,2020-03-26,19,20,28,34,45,7.0
2108,2020-03-29,21,23,31,32,41,7.0
2109,2020-03-31,3,12,17,32,35,1.0
2110,2020-04-02,2,9,12,14,25,14.0
2111,2020-04-05,31,33,34,37,42,13.0
2112,2020-04-07,6,21,27,30,35,7.0
2113,2020-04-09,4,18,19,27,42,17.0
2114,2020-04-12,2,13,19,30,42,2.0
2115,2020-04-14,10,13,17,36,37,13.0
2116,2020-04-16,1,10,30,36,40,14.0
2117,2020-04-19,11,17,29,31,33,1.0
2118,2020-04-21,27,31,33,36,42,2.0
2119,2020-04-23,1,15,24,28,36,13.0
2120,2020-04-26,2,8,20,29,38,10.0
2121,2020-04-28,4,23,24,30,36,7.0
2122,2020-04-30,18,19,28,33,40,8.0
2123,2020-05-03,3,8,14,17,41,15.0
2124,2020-05-05,7,10,14,18,19,13.0
2125,2020-05-07,8,28,31,34,43,6.0
2126,2020-05-10,8,14,17,24,36,10.0
2127,2020-05-12,15,24,32,33,41,18.0
2128,2020-05-14,5,11,24,35,43,16.0
2129,2020-05-17,1,23,33,34,42,8.0
2130,2020-05-19,13,26,34,35,37,12.0
2131,2020-05-21,4,9,27,31,34,13.0
2132,2020-05-24,11,22,25,37,45,3.0
2133,2020-05-26,10,11,14,25,45,1.0
2134,2020-05-28,15,19,21,26,36,2.0
2135,2020-05-31,14,27,36,37,45,3.0
2136,2020-06-02,4,8,19,20,35,9.0
2137,2020-06-04,23,28,42,44,45,11.0
2138,2020-06-07,4,5,9,30,32,4.0
2139,2020-06-09,2,9,28,32,39,5.0
2140,2020-06-11,1,11,16,17,36,7.0
2141,2020-06-14,5,10,17,21,35,18.0
2142,2020-06-16,1,3,18,22,34,18.0
2143,2020-06-18,13,16,18,34,37,13.0
2144,2020-06-21,15,2,26,21,37,7.0
2145,2020-06-23,3,11,29,33,44,7.0
2146,2020-06-25,4,6,32,33,34,5.0
2147,2020-06-28,1,11,23,26,33,4.0
2148,2020-06-30,9,20,22,43,45,2.0
2149,2020-07-02,11,15,17,26,45,7.0
2150,2020-07-05,13,28,33,35,42,19.0
2151,2020-07-07,7,23,32,41,44,12.0
2152,2020-07-09,5,28,29,37,39,12.0
2153,2020-07-12,3,17,27,32,40,16.0
2154,2020-07-14,11,16,19,30,41,6.0
2155,2020-07-16,12,21,23,24,27,8.0
2156,2020-07-19,8,9,30,40,43,2.0
2157,2020-07-21,8,22,32,42,45,17.0
2158,2020-07-23,10,12,15,36,40,11.0
2159,2020-07-26,10,13,25,29,35,7.0
2160,2020-07-28,20,21,35,42,44,8.0
2161,2020-07-30,13,16,30,39,45,6.0
2162,2020-08-02,10,18,26,31,41,1.0
2163,2020-08-04,10,15,21,33,45,9.0
2164,2020-08-06,1,4,16,43,45,13.0
2165,2020-08-09,14,21,26,29,43,1.0
2166,2020-08-11,4,24,37,39,43,20.0
2167,2020-08-13,2,5,14,22,28,10.0
2168,2020-08-16,4,18,27,29,35,20.0
2169,2020-08-18,1,3,13,27,33,11.0
2170,2020-08-20,5,23,25,38,41,11.0
2171,2020-08-23,4,7,20,26,34,16.0
2172,2020-08-25,1,4,11,18,26,20.0
2173,2020-08-27,4,7,10,29,36,16.0
2174,2020-08-30,6,16,22,38,40,8.0
2175,2020-01-09,11,12,14,27,34,8.0
2176,2020-03-09,5,9,11,22,41,4.0
2177,2020-06-09,3,7,30,35,38,4.0
2178,2020-08-09,1,11,15,19,23,15.0
2179,2020-09-10,14,16,18,29,34,20.0
2180,2020-09-13,1,8,20,21,26,7.0
2181,2020-09-15,6,7,8,17,19,15.0
2182,2020-09-17,14,19,37,38,42,5.0
2183,2020-09-20,14,27,31,44,45,9.0
2184,2020-09-22,20,21,26,27,30,6.0
2185,2020-09-24,8,29,33,38,42,14.0
2186,2020-09-27,10,20,23,32,34,19.0
2187,2020-09-29,6,10,12,29,31,18.0
2188,2020-10-01,5,11,30,41,44,20.0
2189,2020-10-04,2,16,24,32,36,16.0
2190,2020-10-06,3,4,7,11,45,4.0
2191,2020-10-08,19,21,29,31,43,18.0
2192,2020-10-11,5,14,42,43,45,10.0
2193,2020-10-13,11,17,27,35,38,20.0
2194,2020-10-15,2,31,33,36,37,18.0
2195,2020-10-18,15,29,31,37,44,15.0
2196,2020-10-20,17,19,22,23,38,14.0
2197,2020-10-22,11,17,20,34,43,10.0
2198,2020-10-25,10,20,29,34,42,4.0
2199,2020-10-27,6,8,17,30,37,8.0
2200,2020-10-29,9,24,26,31,35,4.0
2201,2020-11-01,4,6,22,26,30,2.0
2202,2020-11-03,9,12,31,32,35,10.0
2203,2020-11-05,9,27,29,38,45,13.0
2204,2020-11-08,12,25,27,31,42,4.0
2205,2020-11-10,14,17,20,30,31,16.0
2206,2020-11-12,12,13,16,30,36,5.0
2207,2020-11-15,19,23,26,32,42,10.0
2208,2020-11-17,1,19,28,40,44,14.0
2211,2020-11-24,2,9,10,13,44,18.0
2212,2020-11-26,13,24,25,29,35,15.0
2213,2020-11-29,4,23,24,29,45,18.0
2214,2020-12-01,5,9,18,24,28,12.0
2215,2020-12-03,4,10,16,29,41,16.0
2216,2020-12-06,16,17,21,33,34,1.0
2217,2020-12-08,3,5,17,20,21,17.0
2218,2020-12-10,14,15,17,27,44,19.0
2219,2020-12-13,3,23,29,36,41,19.0
2220,2020-12-15,1,4,19,30,40,1.0
2221,2020-12-17,34,35,36,37,40,16.0
2222,2020-12-20,2,13,23,33,40,14.0
2223,2020-12-22,17,21,23,24,42,20.0
2224,2020-12-24,1,4,10,20,28,12.0
2225,2020-12-27,12,17,29,30,32,3.0
2226,2020-12-29,14,21,26,43,45,5.0
2227,2020-12-31,3,7,11,18,40,4.0
2228,2021-01-03,6,14,19,43,45,17.0
2229,2021-01-05,15,18,22,27,43,11.0
2230,2021-01-07,6,16,35,37,41,3.0
2231,2021-01-10,30,37,38,43,45,13.0
2232,2021-01-12,5,11,23,37,43,1.0
2233,2021-01-14,8,9,14,27,45,12.0
2234,2021-01-17,2,5,6,8,36,9.0
2235,2021-01-19,4,13,23,36,41,8.0
2236,2021-01-21,14,25,26,35,42,18.0
2237,2021-01-24,9,25,29,31,35,7.0
2238,2021-01-26,9,10,17,20,39,13.0
2239,2021-01-28,3,8,23,32,39,6.0
2240,2021-01-31,6,7,16,28,37,16.0
2241,2021-02-02,4,7,34,36,41,9.0
2242,2021-02-04,7,15,20,23,28,17.0
2243,2021-02-07,8,21,41,43,44,13.0
2244,2021-02-09,1,3,6,31,35,3.0
2245,2021-02-11,6,11,22,34,42,19.0
2246,2021-02-14,2,4,21,25,29,8.0
2247,2021-02-17,2,30,32,40,41,16.0
2248,2021-02-18,4,14,15,31,38,15.0
2249,2021-02-21,6,22,29,31,38,9.0
2250,2021-02-23,11,14,17,28,40,16.0
2251,2021-02-25,11,12,21,32,40,15.0
2252,2021-02-28,8,21,24,26,40,3.0
2253,2021-03-02,2,12,17,26,31,7.0
2254,2021-03-04,5,25,28,29,33,5.0
2255,2021-03-07,14,15,16,23,43,2.0
2256,2021-03-09,10,21,25,31,44,11.0
2257,2021-03-11,1,13,15,37,40,12.0
2258,2021-03-14,2,7,21,38,45,2.0
2259,2021-03-16,9,16,34,38,42,2.0
2260,2021-03-18,2,3,17,29,36,13.0
2261,2021-03-21,25,19,30,11,45,8.0
2262,2021-03-23,28,6,37,44,33,5.0
2263,2021-03-25,3,8,31,7,35,7.0
2264,2021-03-28,18,6,14,13,9,20.0
2265,2021-03-30,19,31,7,14,22,10.0
2266,2021-04-01,7,25,20,10,3,9.0
2267,2021-04-04,23,35,17,20,26,19.0
2268,2021-04-06,44,19,9,22,41,12.0
2269,2021-04-08,44,35,3,31,7,8.0
2270,2021-04-11,12,39,1,35,15,15.0
2271,2021-04-13,17,26,41,15,30,11.0
2272,2021-04-15,8,20,4,9,27,6.0
2273,2021-04-18,34,26,20,11,5,20.0
2274,2021-04-20,20,40,28,16,7,4.0
2275,2021-04-22,34,25,17,33,20,7.0
2276,2021-04-25,10,11,19,7,45,19.0
2277,2021-04-27,28,3,13,8,17,8.0
2278,2021-04-28,32,45,43,23,42,13.0
2279,2021-05-01,32,24,5,13,18,1.0
2280,2021-05-04,4,12,16,21,33,13.0
2281,2021-05-06,6,20,24,26,45,5.0
2282,2021-05-09,3,13,17,34,36,8.0
2283,2021-05-11,6,12,16,22,23,5.0
2284,2021-05-13,5,16,18,37,43,12.0
2285,2021-05-16,3,13,29,32,44,15.0
2286,2021-05-18,1,5,15,41,44,9.0
2287,2021-05-20,5,17,22,29,34,19.0
2288,2021-05-23,10,29,39,41,42,19.0
2289,2021-05-25,9,18,20,29,37,9.0
2290,2021-05-27,17,33,35,38,39,12.0
2291,2021-05-30,17,18,25,37,42,19.0
2292,2021-06-01,1,16,18,29,30,9.0
2293,2021-06-03,6,23,29,35,36,6.0
2294,2021-06-06,5,15,18,31,40,17.0
2295,2021-06-08,3,9,12,26,45,11.0
2296,2021-06-10,1,12,27,28,36,7.0
2297,2021-06-13,8,9,19,29,41,3.0
2298,2021-06-15,11,17,18,19,36,7.0
2299,2021-06-17,5,11,28,39,40,20.0
2300,2021-06-20,8,29,34,40,43,16.0
2301,2021-06-22,1,4,11,39,41,8.0
2302,2021-06-24,2,6,28,33,39,1.0
2303,2021-06-27,11,20,21,31,36,5.0
2304,2021-06-29,5,25,26,34,39,17.0
2305,2021-07-01,4,17,27,35,40,4.0
2306,2021-07-04,8,16,22,25,26,16.0
2307,2021-07-06,16,32,33,39,42,11.0
2308,2021-07-08,1,14,24,26,42,11.0
2309,2021-07-11,5,11,28,29,41,1.0
2310,2021-07-13,8,14,24,25,37,1.0
2311,2021-07-15,3,8,11,22,34,3.0
2312,2021-07-18,22,25,28,35,44,11.0
2313,2021-07-20,18,20,23,36,42,6.0
2314,2021-07-22,2,3,10,36,44,15.0
2315,2021-07-25,14,15,27,29,41,18.0
2316,2021-07-27,13,33,34,35,41,4.0
2317,2021-07-29,29,31,37,39,45,19.0
2318,2021-08-01,8,12,19,39,41,10.0
2319,2021-08-03,16,19,27,30,44,20.0
2320,2021-08-05,5,21,28,36,40,18.0
2321,2021-08-08,15,23,33,42,44,14.0
2322,2021-08-10,15,26,33,36,44,19.0
2323,2021-08-12,9,12,13,27,28,3.0
2324,2021-08-15,11,27,31,34,36,19.0
2325,2021-08-17,14,27,29,37,42,7.0
2326,2021-08-19,9,12,18,42,44,14.0
2327,2021-08-22,6,8,9,14,42,3.0
2328,2021-08-24,5,22,24,28,35,3.0
2329,2021-08-26,7,22,31,35,43,3.0
2330,2021-08-29,7,8,11,28,39,7.0
2331,2021-08-31,3,4,10,26,42,15.0
2332,2021-09-02,3,5,10,40,41,8.0
2333,2021-09-05,3,16,28,32,44,1.0
2334,2021-09-07,2,23,29,31,34,7.0
2335,2021-09-09,4,15,24,33,34,14.0
2336,2021-09-12,2,5,13,16,44,8.0
2337,2021-09-14,4,8,13,32,36,3.0
2338,2021-09-16,11,16,19,32,44,17.0
2339,2021-09-19,8,14,39,41,43,16.0
2340,2021-09-21,8,9,24,29,36,15.0
2341,2021-09-23,8,9,10,11,25,10.0
2342,2021-09-26,10,13,18,21,44,11.0
2343,2021-09-28,8,17,30,34,41,13.0
2344,2021-09-30,13,16,23,31,40,8.0
2345,2021-10-03,19,21,27,31,32,13.0
2346,2021-10-05,4,24,31,33,39,6.0
2347,2021-10-07,1,8,31,38,41,19.0
2348,2021-10-10,3,6,10,36,39,8.0
2349,2021-10-12,1,12,13,35,41,1.0
2350,2021-10-14,7,20,37,43,45,2.0
2351,2021-10-17,9,13,34,35,37,17.0
2352,2021-10-19,4,8,27,36,45,19.0
2353,2021-10-21,3,5,6,23,38,8.0
2354,2021-10-24,12,22,24,30,36,8.0
2355,2021-10-26,15,22,25,37,39,17.0
2356,2021-10-28,16,19,21,22,42,9.0
2357,2021-10-31,9,12,16,39,43,13.0
2358,2021-11-02,11,23,24,30,38,3.0
2359,2021-11-04,14,16,17,30,34,3.0
2360,2021-11-07,1,3,5,7,11,18.0
2361,2021-11-09,1,3,25,27,44,8.0
2362,2021-11-11,5,7,9,29,35,19.0
2363,2021-11-14,11,15,30,41,43,8.0
2364,2021-11-16,14,20,23,24,28,6.0
2365,2021-11-18,17,19,20,30,44,7.0
2366,2021-11-21,4,22,24,30,36,9.0
2367,2021-11-23,4,5,28,30,31,13.0
2368,2021-11-25,1,5,7,9,25,1.0
2369,2021-11-28,6,24,29,36,44,1.0
2370,2021-11-30,4,24,29,37,43,2.0
2371,2021-12-02,1,26,36,39,41,18.0
2372,2021-12-05,5,13,25,26,33,5.0
2373,2021-12-07,1,5,10,18,19,18.0
2374,2021-12-09,8,9,20,39,40,11.0
2375,2021-12-12,6,7,11,15,27,12.0
2376,2021-12-14,23,27,34,35,41,1.0
2377,2021-12-16,2,16,34,35,41,1.0
2378,2021-12-19,5,9,17,33,42,9.0
2379,2021-12-21,3,4,16,25,40,19.0
2380,2021-12-23,2,4,13,35,41,4.0
2381,2021-12-26,3,8,22,30,37,18.0
2382,2021-12-28,9,11,17,34,42,19.0
2383,2021-12-30,10,12,13,24,32,6.0
2384,2022-01-02,1,4,11,16,23,20.0
2385,2022-01-04,1,7,13,18,36,15.0
2386,2022-01-06,7,10,19,30,31,20.0
2387,2022-01-09,7,34,37,39,45,8.0
2388,2022-01-11,2,4,23,32,34,9.0
2389,2022-01-13,3,18,24,31,41,2.0
2390,2022-01-16,1,17,24,26,29,6.0
2391,2022-01-18,9,10,33,34,38,14.0
2392,2022-01-20,1,19,29,38,40,2.0
2393,2022-01-23,4,9,25,27,30,15.0
2394,2022-01-27,4,5,11,21,41,3.0
2395,2022-01-30,14,15,18,35,41,8.0
2396,2022-02-01,1,3,25,27,32,20.0
2397,2022-02-03,2,7,8,26,38,19.0
2398,2022-02-06,5,7,13,15,36,8.0
2399,2022-02-08,14,27,36,37,39,1.0
2400,2022-02-10,3,6,21,40,41,4.0
2401,2022-02-13,14,17,20,28,42,8.0
2402,2022-02-15,3,6,14,27,44,1.0
2403,2022-02-17,7,11,13,20,24,10.0
2404,2022-02-20,2,14,25,31,38,1.0
2405,2022-02-22,4,15,20,27,31,18.0
2406,2022-02-24,14,16,29,34,37,4.0
2407,2022-02-27,3,4,20,21,42,20.0
2408,2022-03-01,1,9,12,33,41,14.0
2409,2022-03-03,8,16,17,36,45,20.0
2410,2022-03-06,1,9,15,23,29,5.0
2411,2022-03-08,2,3,14,16,39,7.0
2412,2022-03-10,16,17,23,27,40,16.0
2413,2022-03-13,16,31,36,38,44,8.0
2414,2022-03-15,2,23,25,32,38,9.0
2415,2022-03-17,2,9,29,30,35,1.0
2416,2022-03-20,4,7,18,32,38,12.0
2417,2022-03-22,8,10,15,39,42,2.0
2418,2022-03-24,2,13,16,20,45,7.0
2419,2022-03-27,4,8,12,31,36,4.0
2420,2022-03-29,3,8,21,32,35,12.0
2421,2022-03-31,2,8,13,16,23,3.0
2422,2022-04-03,12,22,33,37,41,10.0
2423,2022-04-05,1,10,19,23,31,20.0
2424,2022-04-07,1,10,13,34,39,4.0
2425,2022-04-10,2,11,26,33,44,20.0
2426,2022-04-12,9,14,17,29,45,10.0
2427,2022-04-14,2,3,12,34,40,19.0
2428,2022-04-17,9,11,13,19,30,16.0
2429,2022-04-19,8,10,12,26,39,3.0
2430,2022-04-20,1,7,15,42,43,18.0
2431,2022-04-23,12,15,24,34,42,19.0
2432,2022-04-26,5,12,18,19,32,9.0
2433,2022-04-28,14,19,24,30,33,13.0
2434,2022-05-01,11,25,27,37,38,12.0
2435,2022-05-03,12,16,17,30,39,17.0
2436,2022-05-05,15,16,18,28,45,16.0
2437,2022-05-08,14,33,39,42,45,15.0
2438,2022-05-10,15,23,32,33,43,15.0
2439,2022-05-12,8,19,23,27,33,7.0
2440,2022-05-15,10,12,29,32,42,1.0
2441,2022-05-17,3,14,23,27,29,18.0
2442,2022-05-19,10,32,33,38,40,13.0
2443,2022-05-22,1,18,22,32,36,11.0
2444,2022-05-24,4,20,28,42,45,14.0
2445,2022-05-26,6,8,28,31,42,13.0
2446,2022-05-29,1,9,19,22,33,1.0
2447,2022-05-31,10,11,29,30,43,6.0
2448,2022-06-02,19,20,23,32,43,14.0
2449,2022-06-05,3,13,14,39,42,10.0
2450,2022-06-07,21,25,26,40,41,12.0
2451,2022-06-09,12,20,30,32,37,7.0
2452,2022-06-12,12,16,18,26,36,16.0
2453,2022-06-14,9,14,36,38,39,12.0
2454,2022-06-16,2,4,7,26,38,7.0
2455,2022-06-19,5,11,13,26,27,14.0
2456,2022-06-21,10,15,22,25,27,6.0
2457,2022-06-23,5,10,36,39,45,9.0
2458,2022-06-26,3,13,17,22,37,7.0
2459,2022-06-28,3,7,19,36,38,5.0
2460,2022-06-30,6,13,22,28,42,15.0
2461,2022-07-03,5,9,33,37,41,12.0
2462,2022-07-05,12,13,16,30,36,1.0
2463,2022-07-07,2,8,11,31,40,14.0
2464,2022-07-10,14,18,32,36,44,20.0
2465,2022-07-12,2,6,18,23,26,3.0
2466,2022-07-14,3,16,20,22,32,4.0
2467,2022-07-17,1,9,12,20,36,19.0
2468,2022-07-19,4,11,25,31,37,17.0
2469,2022-07-21,4,9,24,26,41,8.0
2470,2022-07-24,17,25,29,31,38,10.0
2471,2022-07-26,9,18,32,33,39,6.0
2472,2022-07-28,6,11,35,38,40,3.0
2473,2022-07-31,2,20,28,30,34,9.0
2474,2022-08-02,8,26,30,34,39,8.0
2475,2022-08-04,6,20,23,26,31,3.0
2476,2022-08-07,8,15,19,24,37,7.0
2477,2022-08-09,1,23,31,34,45,8.0
2478,2022-08-11,3,4,13,16,22,14.0
2479,2022-08-14,6,15,17,25,45,12.0
2480,2022-08-16,14,20,24,28,32,10.0
2481,2022-08-18,7,13,15,23,45,1.0
2482,2022-08-21,10,23,28,29,39,3.0
2483,2022-08-23,9,27,31,39,40,2.0
2484,2022-08-25,8,20,24,30,40,1.0
2485,2022-08-28,2,18,32,33,44,1.0
2486,2022-08-30,27,29,33,34,41,16.0
2487,2022-09-01,14,16,20,22,23,11.0
2488,2022-09-04,8,12,24,32,44,18.0
2489,2022-09-06,4,11,18,29,31,4.0
2490,2022-09-08,24,36,37,38,43,20.0
2491,2022-09-11,4,6,23,29,43,17.0
2492,2022-09-13,3,13,24,29,32,4.0
2493,2022-09-15,5,14,29,35,41,4.0
2494,2022-09-18,6,13,31,34,42,20.0
2495,2022-09-20,21,29,31,41,44,10.0
2496,2022-09-22,7,13,14,27,44,17.0
2497,2022-09-25,12,18,23,24,27,17.0
2498,2022-09-27,8,24,37,43,44,3.0
2499,2022-09-29,6,8,19,24,26,5.0
2500,2022-10-02,5,24,30,39,44,10.0
2501,2022-10-04,14,28,32,39,42,18.0
2502,2022-10-06,2,9,17,22,28,5.0
2503,2022-10-09,7,30,33,38,44,6.0
2504,2022-10-11,11,36,40,42,44,9.0
2505,2022-10-13,14,18,34,39,44,2.0
2506,2022-10-16,25,28,35,37,45,8.0
2507,2022-10-18,5,12,23,24,34,5.0
2508,2022-10-20,11,20,23,25,28,7.0
2509,2022-10-23,1,16,18,28,37,14.0
2510,2022-10-25,5,7,8,20,41,14.0
2511,2022-10-27,2,6,13,36,37,12.0
2512,2022-10-30,11,13,20,22,42,3.0
2513,2022-11-01,4,8,12,24,40,18.0
2514,2022-11-03,13,27,33,38,42,5.0
2515,2022-11-06,14,24,36,37,41,18.0
2516,2022-11-08,10,22,27,33,36,9.0
2517,2022-11-10,5,10,16,30,33,1.0
2518,2022-11-13,5,18,22,28,42,20.0
2519,2022-11-15,16,23,33,37,40,20.0
2520,2022-11-17,2,19,22,29,38,14.0
2521,2022-11-20,3,17,27,28,45,18.0
2522,2022-11-22,4,20,30,37,41,2.0
2523,2022-11-24,3,7,10,20,24,20.0
2524,2022-11-27,5,18,21,27,31,12.0
2525,2022-11-29,3,15,29,32,42,14.0
2526,2022-12-01,5,13,14,23,41,4.0
2527,2022-12-04,1,5,15,29,43,6.0
2528,2022-12-06,4,5,16,22,27,4.0
2529,2022-12-08,3,25,30,35,44,14.0
2530,2022-12-11,10,24,34,38,42,1.0
2531,2022-12-13,7,9,15,16,30,20.0
2532,2022-12-15,24,28,29,37,41,17.0
2533,2022-12-18,11,24,26,33,44,13.0
2534,2022-12-20,8,18,22,24,42,9.0
2535,2022-12-22,25,32,34,37,41,13.0
2536,2022-12-24,3,6,8,20,37,3.0
2537,2022-12-27,11,14,34,39,44,6.0
2538,2022-12-29,1,16,25,27,28,10.0
2539,2023-01-01,25,27,33,35,37,8.0
2540,2023-01-03,6,13,32,34,41,8.0
2541,2023-01-05,10,21,28,29,35,9.0
2542,2023-01-08,4,5,13,17,32,12.0
2543,2023-01-10,3,9,18,33,44,16.0
2544,2023-01-12,8,12,17,25,30,3.0
2545,2023-01-15,23,26,30,35,42,18.0
2546,2023-01-17,4,9,13,18,27,18.0
2547,2023-01-19,2,16,20,28,31,3.0
2548,2023-01-22,8,12,17,20,29,13.0
2549,2023-01-24,13,14,23,30,38,11.0
2550,2023-01-26,3,6,9,11,36,20.0
2551,2023-01-29,3,6,35,38,42,16.0
2552,2023-01-31,1,6,20,21,43,8.0
2553,2023-02-02,1,5,10,28,41,3.0
2554,2023-02-05,11,15,34,35,37,13.0
2555,2023-02-07,3,14,18,33,44,11.0
2556,2023-02-09,12,24,37,39,43,16.0
2557,2023-02-12,3,5,9,16,28,18.0
2558,2023-02-14,10,11,21,25,35,11.0
2559,2023-02-16,4,15,16,22,33,7.0
2560,2023-02-19,4,5,6,16,31,15.0
2561,2023-02-21,2,3,4,22,30,7.0
2562,2023-02-23,21,23,32,38,43,20.0
2563,2023-02-26,5,27,38,41,42,3.0
2564,2023-02-28,2,3,4,18,42,7.0
2565,2023-03-02,2,15,32,35,45,11.0
2566,2023-03-05,10,22,30,34,45,9.0
2567,2023-03-07,9,11,15,26,41,8.0
2568,2023-03-09,2,3,13,34,43,18.0
2575,2023-03-26,1,15,22,38,45,19.0
2576,2023-03-28,14,16,28,31,42,19.0
2577,2023-03-30,3,4,8,12,38,1.0
2578,2023-04-02,3,8,16,28,32,4.0
2579,2023-04-04,1,4,14,20,24,7.0
2580,2023-04-06,5,17,19,39,45,20.0
2581,2023-04-09,11,25,26,30,34,7.0
2582,2023-04-11,4,10,21,22,44,15.0
2583,2023-04-12,3,7,23,29,41,17.0
2584,2023-04-15,1,2,3,11,40,1.0
2585,2023-04-18,8,11,13,15,18,5.0
2586,2023-04-20,4,14,20,22,36,1.0
2587,2023-04-23,6,20,35,39,40,6.0
2588,2023-04-25,7,8,17,20,45,17.0
2589,2023-04-27,8,9,23,29,32,9.0
2590,2023-04-30,5,10,12,14,44,5.0
2591,2023-05-02,3,8,22,36,40,9.0
2592,2023-05-04,6,11,21,27,41,20.0
2593,2023-05-07,20,25,36,44,45,20.0
2594,2023-05-09,18,19,20,30,33,7.0
2595,2023-05-11,4,8,31,35,40,3.0
2596,2023-05-14,7,18,29,38,39,4.0
2597,2023-05-16,5,12,20,22,24,7.0
2598,2023-05-18,17,23,27,28,33,4.0
2599,2023-05-21,1,10,18,29,44,20.0
2600,2023-05-23,1,11,14,34,38,9.0
2601,2023-05-25,4,6,9,13,43,9.0
2602,2023-05-28,15,16,29,35,42,12.0
2603,2023-05-30,1,17,19,25,27,7.0
2604,2023-06-01,7,22,23,33,44,20.0
2605,2023-06-04,5,10,16,20,23,16.0
2606,2023-06-06,18,19,32,37,39,14.0
2607,2023-06-08,1,13,22,38,44,6.0
2608,2023-06-11,7,16,24,26,42,11.0
2609,2023-06-13,7,21,26,28,40,11.0
2610,2023-06-15,9,26,28,33,38,10.0
2611,2023-06-18,1,8,12,21,44,10.0
2612,2023-06-20,12,35,38,39,45,1.0
2613,2023-06-22,3,4,19,42,45,11.0
2614,2023-06-25,33,34,41,43,44,5.0
2615,2023-06-27,2,12,19,22,32,1.0
2616,2023-06-29,11,14,17,38,39,11.0
2617,2023-07-02,10,18,24,26,28,18.0
2618,2023-07-04,6,9,28,34,44,16.0
2619,2023-07-06,3,11,15,17,40,10.0
2620,2023-07-09,12,15,38,39,40,17.0
2621,2023-07-11,22,33,39,42,45,1.0
2622,2023-07-13,1,2,8,14,25,19.0
2623,2023-07-16,1,27,34,42,44,14.0
2624,2023-07-18,10,12,21,36,39,1.0
2625,2023-07-20,8,17,19,31,45,12.0
2626,2023-07-23,7,17,25,26,42,1.0
2627,2023-07-25,9,11,29,35,36,5.0
2628,2023-07-27,19,20,22,32,37,2.0
2629,2023-07-30,8,12,25,32,35,7.0
2630,2023-08-01,1,10,18,23,24,8.0
2631,2023-08-03,1,3,6,26,36,18.0
2632,2023-08-06,14,19,30,31,34,16.0
2633,2023-08-08,9,15,17,28,37,12.0
2634,2023-08-10,7,12,15,33,44,8.0
2635,2023-08-13,9,21,34,35,43,3.0
2636,2023-08-16,8,25,30,33,41,7.0
2637,2023-08-17,3,12,22,23,40,13.0
2638,2023-08-20,16,17,26,28,41,10.0
2639,2023-08-22,4,6,34,37,44,10.0
2640,2023-08-24,6,24,34,39,41,13.0
2641,2023-08-27,7,8,14,17,26,8.0
2642,2023-08-29,11,26,28,32,33,13.0
2643,2023-08-31,16,19,29,35,39,15.0
2644,2023-09-03,7,15,17,34,41,10.0
2645,2023-09-05,1,9,15,24,32,14.0
2646,2023-09-07,1,5,25,30,39,7.0
2647,2023-09-10,15,37,43,44,45,5.0
2648,2023-09-12,1,17,26,28,30,17.0
2649,2023-09-14,2,6,14,17,21,2.0
2650,2023-09-17,10,17,18,40,41,13.0
2651,2023-09-19,9,12,40,43,44,8.0
2652,2023-09-21,5,6,23,30,31,19.0
2653,2023-09-24,1,8,11,36,41,4.0
2654,2023-09-26,3,9,12,26,31,11.0
2655,2023-09-28,7,8,10,28,30,17.0
2656,2023-10-01,1,26,31,35,42,4.0
2657,2023-10-03,4,6,8,16,19,5.0
2658,2023-10-05,1,4,13,26,29,2.0
2659,2023-10-08,1,12,15,20,40,12.0
2660,2023-10-10,11,17,22,23,40,8.0
